0.000000 0.471397 -0.881921 0.006023 0.465189 -0.885191 0.750000 0.656250
0.090556 0.382683 -0.919431 0.075493 0.382639 -0.920808 0.734375 0.625000
0.000000 0.382683 -0.923880 -0.009265 0.373574 -0.927554 0.750000 0.625000
-0.000000 -0.831470 -0.555571 -0.003610 -0.827546 -0.561387 0.750000 0.187500
0.062181 -0.773010 -0.631339 0.058543 -0.768534 -0.637126 0.734375 0.218750
0.054455 -0.831470 -0.552895 0.055122 -0.831472 -0.552825 0.734375 0.187500
0.000000 0.290285 -0.956940 0.009262 0.299658 -0.954002 0.750000 0.593750
0.093797 0.290285 -0.952332 0.100575 0.283556 -0.953667 0.734375 0.593750
0.000000 -0.881921 -0.471396 0.007719 -0.881897 -0.471380 0.750000 0.156250
0.046205 -0.881921 -0.469127 0.052081 -0.877237 -0.477224 0.734375 0.156250
0.000000 0.195090 -0.980785 -0.000001 0.195093 -0.980785 0.750000 0.562500
0.096134 0.195090 -0.976062 0.105995 0.185438 -0.976923 0.734375 0.562500
0.000000 0.995185 -0.098017 -0.000000 0.993446 -0.114301 0.750000 0.968750
0.000000 1.000000 0.000000 -0.000000 1.000000 -0.000000 0.742188 1.000000
0.009607 0.995185 -0.097545 0.009606 0.995185 -0.097546 0.734375 0.968750
0.037510 -0.923880 -0.380841 0.038986 -0.917490 -0.395844 0.734375 0.125000
0.000000 -0.923880 -0.382683 -0.003006 -0.926539 -0.376186 0.750000 0.125000
0.097545 0.098017 -0.990393 0.087762 0.107790 -0.990292 0.734375 0.531250
0.000000 0.098017 -0.995185 -0.000005 0.081711 -0.996656 0.750000 0.531250
0.019122 0.980785 -0.194151 0.017543 0.983848 -0.178146 0.734375 0.937500
0.000000 0.980785 -0.195090 -0.000000 0.977459 -0.211124 0.750000 0.937500
0.028453 -0.956940 -0.288887 0.029985 -0.952061 -0.304435 0.734375 0.093750
0.000000 -0.956940 -0.290285 0.000000 -0.961566 -0.274574 0.750000 0.093750
0.098017 0.000000 -0.995185 0.105000 0.007017 -0.994448 0.734375 0.500000
0.000000 0.000000 -1.000000 0.009820 -0.009824 -0.999904 0.750000 0.500000
0.028453 0.956940 -0.288887 0.028452 0.956942 -0.288882 0.734375 0.906250
0.000000 0.956940 -0.290285 -0.000000 0.956942 -0.290280 0.750000 0.906250
0.019122 -0.980785 -0.194151 0.020820 -0.979391 -0.200896 0.734375 0.062500
0.000000 -0.980785 -0.195090 0.001444 -0.982653 -0.185447 0.750000 0.062500
0.097545 -0.098017 -0.990393 0.087856 -0.088234 -0.992218 0.734375 0.468750
0.000000 -0.098017 -0.995185 -0.000083 -0.098020 -0.995184 0.750000 0.468750
0.000000 0.923880 -0.382683 -0.003007 0.926540 -0.376185 0.750000 0.875000
0.037510 0.923880 -0.380841 0.038987 0.917490 -0.395843 0.734375 0.875000
0.009607 -0.995185 -0.097545 0.009127 -0.994172 -0.107414 0.734375 0.031250
0.000000 -0.995185 -0.098017 -0.001443 -0.994172 -0.107792 0.750000 0.031250
0.096134 -0.195090 -0.976062 0.096433 -0.179008 -0.979110 0.734375 0.437500
0.000000 -0.195090 -0.980785 -0.006951 -0.201965 -0.979368 0.750000 0.437500
0.000000 0.881921 -0.471397 0.003005 0.878590 -0.477568 0.750000 0.843750
0.046205 0.881921 -0.469127 0.052085 0.877237 -0.477224 0.734375 0.843750
0.000000 -1.000000 0.000000 -0.000000 -1.000000 -0.000000 0.742188 0.000000
0.093797 -0.290285 -0.952332 0.100575 -0.283556 -0.953667 0.734375 0.406250
0.000000 -0.290285 -0.956940 0.009262 -0.299658 -0.954002 0.750000 0.406250
0.054455 0.831470 -0.552895 0.055124 0.831471 -0.552826 0.734375 0.812500
-0.000000 0.831470 -0.555571 0.005862 0.825957 -0.563703 0.750000 0.812500
0.090556 -0.382683 -0.919431 0.081704 -0.373570 -0.923997 0.734375 0.375000
0.000000 -0.382683 -0.923880 -0.000312 -0.382685 -0.923879 0.750000 0.375000
0.062181 0.773010 -0.631339 0.058543 0.768534 -0.637126 0.734375 0.781250
-0.000000 0.773010 -0.634393 -0.010390 0.772967 -0.634361 0.750000 0.781250
0.086443 -0.471397 -0.877675 0.092764 -0.465190 -0.880337 0.734375 0.343750
0.000000 -0.471397 -0.881921 -0.000384 -0.471399 -0.881920 0.750000 0.343750
0.000000 0.707107 -0.707106 0.006604 0.714007 -0.700108 0.750000 0.750000
0.069309 0.707107 -0.703702 0.062727 0.700108 -0.711277 0.734375 0.750000
0.081498 -0.555570 -0.827466 0.081054 -0.555574 -0.827507 0.734375 0.312500
-0.000000 -0.555570 -0.831470 -0.006027 -0.561385 -0.827533 0.750000 0.312500
-0.000000 0.634393 -0.773010 -0.000000 0.646967 -0.762518 0.750000 0.718750
0.075768 0.634393 -0.769288 0.075261 0.634395 -0.769337 0.734375 0.718750
0.075768 -0.634393 -0.769288 0.075261 -0.634395 -0.769337 0.734375 0.281250
-0.000000 -0.634393 -0.773010 -0.000000 -0.646967 -0.762518 0.750000 0.281250
-0.000000 0.555570 -0.831470 -0.006027 0.561385 -0.827533 0.750000 0.687500
0.081498 0.555570 -0.827466 0.087495 0.549716 -0.830757 0.734375 0.687500
0.069309 -0.707107 -0.703702 0.062727 -0.700108 -0.711277 0.734375 0.250000
0.000000 -0.707107 -0.707106 0.006604 -0.714007 -0.700108 0.750000 0.250000
0.086443 0.471397 -0.877675 0.095740 0.462693 -0.881334 0.734375 0.656250
-0.000000 -0.773010 -0.634393 -0.006608 -0.766724 -0.641943 0.750000 0.218750
0.180240 -0.382683 -0.906127 0.165383 -0.382642 -0.908974 0.718750 0.375000
0.123764 0.773010 -0.622204 0.127328 0.777436 -0.615939 0.718750 0.781250
0.172054 -0.471397 -0.864975 0.181663 -0.462692 -0.867706 0.718750 0.343750
0.137950 0.707107 -0.693520 0.134285 0.702120 -0.699282 0.718750 0.750000
0.162212 -0.555570 -0.815493 0.168501 -0.549716 -0.818181 0.718750 0.312500
0.150807 0.634393 -0.758157 0.144261 0.626749 -0.765750 0.718750 0.718750
0.150807 -0.634393 -0.758157 0.144261 -0.626749 -0.765750 0.718750 0.281250
0.162212 0.555570 -0.815493 0.175548 0.555521 -0.812760 0.718750 0.687500
0.137950 -0.707107 -0.693520 0.134285 -0.702120 -0.699282 0.718750 0.250000
0.172054 0.471397 -0.864975 0.172426 0.471399 -0.864900 0.718750 0.656250
0.123764 -0.773010 -0.622204 0.127328 -0.777436 -0.615939 0.718750 0.218750
0.180240 0.382683 -0.906127 0.165383 0.382642 -0.908974 0.718750 0.625000
0.108386 -0.831470 -0.544895 0.105713 -0.840457 -0.531466 0.718750 0.187500
0.186690 0.290285 -0.938553 0.202032 0.290253 -0.935380 0.718750 0.593750
0.091965 -0.881921 -0.462339 0.089136 -0.889521 -0.448114 0.718750 0.156250
0.191342 0.195090 -0.961940 0.181589 0.204705 -0.961832 0.718750 0.562500
0.000000 1.000000 0.000000 -0.000000 1.000000 -0.000000 0.726562 1.000000
0.019122 0.995185 -0.096134 0.022296 0.993446 -0.112105 0.718750 0.968750
0.074658 -0.923880 -0.375330 0.069635 -0.927591 -0.367050 0.718750 0.125000
0.194151 0.098017 -0.976062 0.187126 0.104996 -0.976709 0.718750 0.531250
0.038060 0.980785 -0.191342 0.041188 0.977459 -0.207068 0.718750 0.937500
0.056632 -0.956940 -0.284707 0.057641 -0.958952 -0.277647 0.718750 0.093750
0.195090 0.000000 -0.980785 0.204709 0.009825 -0.978774 0.718750 0.500000
0.056632 0.956940 -0.284707 0.056633 0.956942 -0.284702 0.718750 0.906250
0.038060 -0.980785 -0.191342 0.038059 -0.980785 -0.191344 0.718750 0.062500
0.194151 -0.098017 -0.976062 0.194153 -0.098017 -0.976062 0.718750 0.468750
0.074658 0.923880 -0.375330 0.076338 0.926540 -0.368370 0.718750 0.875000
0.019122 -0.995185 -0.096134 0.022296 -0.993446 -0.112105 0.718750 0.031250
0.191342 -0.195090 -0.961940 0.190691 -0.211121 -0.958679 0.718750 0.437500
0.091965 0.881921 -0.462339 0.086145 0.886502 -0.454634 0.718750 0.843750
0.000000 -1.000000 0.000000 -0.000000 -1.000000 -0.000000 0.726562 0.000000
0.186690 -0.290285 -0.938553 0.195196 -0.299664 -0.933863 0.718750 0.406250
0.108386 0.831470 -0.544895 0.105713 0.840457 -0.531466 0.718750 0.812500
0.256008 -0.471397 -0.843946 0.256369 -0.471398 -0.843836 0.703125 0.343750
0.241363 -0.555570 -0.795667 0.254366 -0.555521 -0.791640 0.703125 0.312500
0.224393 0.634393 -0.739725 0.212260 0.634344 -0.743339 0.703125 0.718750
0.224393 -0.634393 -0.739725 0.212260 -0.634344 -0.743339 0.703125 0.281250
0.241363 0.555570 -0.795667 0.254366 0.555521 -0.791640 0.703125 0.687500
0.205262 -0.707107 -0.676659 0.208797 -0.712045 -0.670370 0.703125 0.250000
0.256008 0.471397 -0.843946 0.256369 0.471398 -0.843836 0.703125 0.656250
0.184155 -0.773010 -0.607077 0.187548 -0.779192 -0.598068 0.703125 0.218750
0.268188 0.382683 -0.884098 0.253680 0.382643 -0.888387 0.703125 0.625000
0.161274 -0.831470 -0.531648 0.160632 -0.831471 -0.531839 0.703125 0.187500
0.277785 0.290285 -0.915735 0.285795 0.299662 -0.910233 0.703125 0.593750
0.136839 -0.881921 -0.451099 0.136158 -0.881923 -0.451302 0.703125 0.156250
0.284707 0.195090 -0.938553 0.284708 0.195089 -0.938553 0.703125 0.562500
0.000000 1.000000 0.000000 -0.000000 1.000000 -0.000000 0.710938 1.000000
0.028453 0.995185 -0.093797 0.032672 0.994172 -0.102731 0.703125 0.968750
0.111087 -0.923880 -0.366205 0.105087 -0.923863 -0.368014 0.703125 0.125000
0.288887 0.098017 -0.952332 0.279734 0.088231 -0.956015 0.703125 0.531250
0.056632 0.980785 -0.186690 0.057387 0.980784 -0.186463 0.703125 0.937500
0.084265 -0.956940 -0.277785 0.088813 -0.956931 -0.276398 0.703125 0.093750
0.290285 0.000000 -0.956940 0.296982 -0.007018 -0.954857 0.703125 0.500000
0.084265 0.956940 -0.277785 0.084578 0.954880 -0.284695 0.703125 0.906250
0.056632 -0.980785 -0.186690 0.053575 -0.980780 -0.187618 0.703125 0.062500
0.288887 -0.098017 -0.952332 0.288883 -0.098017 -0.952334 0.703125 0.468750
0.111087 0.923880 -0.366205 0.117740 0.920068 -0.373647 0.703125 0.875000
0.028453 -0.995185 -0.093797 0.032672 -0.994172 -0.102731 0.703125 0.031250
0.284707 -0.195090 -0.938553 0.291614 -0.188196 -0.937840 0.703125 0.437500
0.136839 0.881921 -0.451099 0.135755 0.878589 -0.457877 0.703125 0.843750
0.000000 -1.000000 0.000000 -0.000000 -1.000000 -0.000000 0.710938 0.000000
0.277785 -0.290285 -0.915735 0.277563 -0.290287 -0.915801 0.703125 0.406250
0.161274 0.831470 -0.531648 0.158025 0.825958 -0.541130 0.703125 0.812500
0.268188 -0.382683 -0.884098 0.253680 -0.382643 -0.888387 0.703125 0.375000
0.184155 0.773010 -0.607077 0.194088 0.772969 -0.604028 0.703125 0.781250
0.205262 0.707107 -0.676659 0.205807 0.707109 -0.676491 0.703125 0.750000
0.295818 -0.634393 -0.714169 0.284101 -0.634345 -0.718952 0.687500 0.281250
0.270598 -0.707107 -0.653281 0.279971 -0.700110 -0.656859 0.687500 0.250000
0.337497 0.471397 -0.814789 0.342083 0.477565 -0.809266 0.687500 0.656250
0.242772 -0.773010 -0.586103 0.248709 -0.768533 -0.589492 0.687500 0.218750
0.353553 0.382683 -0.853553 0.348697 0.376185 -0.858426 0.687500 0.625000
0.212608 -0.831470 -0.513280 0.211993 -0.831470 -0.513533 0.687500 0.187500
0.366205 0.290285 -0.884098 0.358448 0.280857 -0.890300 0.687500 0.593750
0.180396 -0.881921 -0.435514 0.179029 -0.877238 -0.445424 0.687500 0.156250
0.375330 0.195090 -0.906127 0.390119 0.195066 -0.899864 0.687500 0.562500
0.000000 1.000000 0.000000 -0.000000 1.000000 -0.000000 0.695312 1.000000
0.037510 0.995185 -0.090556 0.042587 0.994172 -0.099032 0.687500 0.968750
0.146447 -0.923880 -0.353553 0.146444 -0.923881 -0.353551 0.687500 0.125000
0.380841 0.098017 -0.919431 0.365733 0.098007 -0.925545 0.687500 0.531250
0.074658 0.980785 -0.180240 0.069637 0.982653 -0.171882 0.687500 0.937500
0.111087 -0.956940 -0.268188 0.109692 -0.959745 -0.258569 0.687500 0.093750
0.382683 0.000000 -0.923880 0.397758 0.000000 -0.917490 0.687500 0.500000
0.111087 0.956940 -0.268188 0.105077 0.961566 -0.253673 0.687500 0.906250
0.074658 -0.980785 -0.180240 0.071709 -0.980780 -0.181463 0.687500 0.062500
0.380841 -0.098017 -0.919431 0.365733 -0.098007 -0.925545 0.687500 0.468750
0.146447 0.923880 -0.353553 0.146734 0.926540 -0.346400 0.687500 0.875000
0.037510 -0.995185 -0.090556 0.042587 -0.994172 -0.099032 0.687500 0.031250
0.375330 -0.195090 -0.906127 0.390119 -0.195066 -0.899864 0.687500 0.437500
0.180396 0.881921 -0.435514 0.181051 0.881922 -0.435240 0.687500 0.843750
0.000000 -1.000000 0.000000 -0.000000 -1.000000 -0.000000 0.695312 0.000000
0.366205 -0.290285 -0.884098 0.365989 -0.290287 -0.884186 0.687500 0.406250
0.212608 0.831470 -0.513280 0.204197 0.831436 -0.516737 0.687500 0.812500
0.353553 -0.382683 -0.853553 0.346398 -0.389151 -0.853563 0.687500 0.375000
0.242772 0.773010 -0.586103 0.252358 0.772969 -0.582095 0.687500 0.781250
0.337497 -0.471397 -0.814789 0.334498 -0.485773 -0.807549 0.687500 0.343750
0.270598 0.707107 -0.653281 0.271124 0.707109 -0.653060 0.687500 0.750000
0.318190 -0.555570 -0.768178 0.323375 -0.563698 -0.760048 0.687500 0.312500
0.295818 0.634393 -0.714169 0.284101 0.634345 -0.718952 0.687500 0.718750
0.318190 0.555570 -0.768178 0.323375 0.563698 -0.760048 0.687500 0.687500
0.261894 -0.831470 -0.489969 0.261305 -0.831470 -0.490282 0.671875 0.187500
0.451099 0.290285 -0.843946 0.446202 0.283555 -0.848823 0.671875 0.593750
0.222215 -0.881921 -0.415735 0.215401 -0.881896 -0.419360 0.671875 0.156250
0.462339 0.195090 -0.864975 0.471778 0.185438 -0.861996 0.671875 0.562500
0.000000 1.000000 0.000000 -0.000000 1.000000 -0.000000 0.679688 1.000000
0.046205 0.995185 -0.086443 0.052087 0.994172 -0.094382 0.671875 0.968750
0.180396 -0.923880 -0.337497 0.185915 -0.923862 -0.334535 0.671875 0.125000
0.469127 0.098017 -0.877675 0.454695 0.098007 -0.885239 0.671875 0.531250
0.091965 0.980785 -0.172054 0.089150 0.980780 -0.173561 0.671875 0.937500
0.136839 -0.956940 -0.256008 0.136155 -0.956942 -0.256367 0.671875 0.093750
0.471397 0.000000 -0.881921 0.485775 -0.000000 -0.874084 0.671875 0.500000
0.136839 0.956940 -0.256008 0.141502 0.954880 -0.261115 0.671875 0.906250
0.091965 -0.980785 -0.172054 0.089150 -0.980780 -0.173561 0.671875 0.062500
0.469127 -0.098017 -0.877675 0.454695 -0.098007 -0.885239 0.671875 0.468750
0.180396 0.923880 -0.337497 0.188371 0.920067 -0.343500 0.671875 0.875000
0.046205 -0.995185 -0.086443 0.052087 -0.994172 -0.094382 0.671875 0.031250
0.462339 -0.195090 -0.864975 0.476441 -0.195066 -0.857294 0.671875 0.437500
0.222215 0.881921 -0.415735 0.222839 0.881922 -0.415400 0.671875 0.843750
0.000000 -1.000000 0.000000 -0.000000 -1.000000 -0.000000 0.679688 0.000000
0.451099 -0.290285 -0.843946 0.443986 -0.280854 -0.850880 0.671875 0.406250
0.261894 0.831470 -0.489969 0.253860 0.831436 -0.494236 0.671875 0.812500
0.435514 -0.382683 -0.814789 0.442359 -0.376187 -0.814126 0.671875 0.375000
0.299051 0.773010 -0.559485 0.300618 0.779193 -0.549988 0.671875 0.781250
0.415735 -0.471397 -0.777785 0.415400 -0.471397 -0.777964 0.671875 0.343750
0.333328 0.707107 -0.623612 0.335564 0.712045 -0.616757 0.671875 0.750000
0.391952 -0.555570 -0.733291 0.391557 -0.555573 -0.733499 0.671875 0.312500
0.364395 0.634393 -0.681734 0.353201 0.634345 -0.687644 0.671875 0.718750
0.364395 -0.634393 -0.681734 0.353201 -0.634345 -0.687644 0.671875 0.281250
0.391952 0.555570 -0.733291 0.391557 0.555573 -0.733499 0.671875 0.687500
0.333328 -0.707107 -0.623612 0.335564 -0.712045 -0.616757 0.671875 0.250000
0.415735 0.471397 -0.777785 0.420957 0.480023 -0.769657 0.671875 0.656250
0.299051 -0.773010 -0.559485 0.300618 -0.779193 -0.549988 0.671875 0.218750
0.435514 0.382683 -0.814789 0.440059 0.389151 -0.809265 0.671875 0.625000
0.261894 -0.881921 -0.391952 0.261893 -0.881922 -0.391951 0.656250 0.156250
0.212608 -0.923880 -0.318190 0.210309 -0.927591 -0.308780 0.656250 0.125000
0.552895 0.098017 -0.827466 0.539275 0.098007 -0.836407 0.656250 0.531250
0.108386 0.980785 -0.162212 0.108386 0.980785 -0.162214 0.656250 0.937500
0.161274 -0.956940 -0.241363 0.160629 -0.956942 -0.241786 0.656250 0.093750
0.555570 0.000000 -0.831470 0.569112 0.000000 -0.822260 0.656250 0.500000
0.161274 0.956940 -0.241363 0.161269 0.956942 -0.241359 0.656250 0.906250
0.108386 -0.980785 -0.162212 0.103140 -0.982129 -0.157435 0.656250 0.062500
0.552895 -0.098017 -0.827466 0.539275 -0.098007 -0.836407 0.656250 0.468750
0.212608 0.923880 -0.318190 0.211495 0.926540 -0.311117 0.656250 0.875000
0.054455 -0.995185 -0.081498 0.054456 -0.995185 -0.081498 0.656250 0.031250
0.544895 -0.195090 -0.815493 0.558177 -0.195063 -0.806467 0.656250 0.437500
0.261894 0.881921 -0.391952 0.262482 0.881921 -0.391558 0.656250 0.843750
0.000000 -1.000000 0.000000 -0.000000 -1.000000 -0.000000 0.664062 0.000000
0.531648 -0.290285 -0.795667 0.518554 -0.290249 -0.804275 0.656250 0.406250
0.308658 0.831470 -0.461940 0.301079 0.831437 -0.466974 0.656250 0.812500
0.513280 -0.382683 -0.768178 0.525800 -0.382643 -0.759683 0.656250 0.375000
0.352450 0.773010 -0.527479 0.351931 0.773011 -0.527824 0.656250 0.781250
0.489969 -0.471397 -0.733291 0.489655 -0.471398 -0.733500 0.656250 0.343750
0.392847 0.707107 -0.587938 0.402445 0.707062 -0.581464 0.656250 0.750000
0.461940 -0.555570 -0.691342 0.461568 -0.555573 -0.691588 0.656250 0.312500
0.429462 0.634393 -0.642735 0.418901 0.634345 -0.649714 0.656250 0.718750
0.429462 -0.634393 -0.642735 0.418901 -0.634345 -0.649714 0.656250 0.281250
0.461940 0.555570 -0.691342 0.461568 0.555573 -0.691588 0.656250 0.687500
0.392847 -0.707107 -0.587938 0.402445 -0.707062 -0.581464 0.656250 0.250000
0.489969 0.471397 -0.733291 0.496798 0.465188 -0.732661 0.656250 0.656250
0.352450 -0.773010 -0.527479 0.351931 -0.773011 -0.527824 0.656250 0.218750
0.513280 0.382683 -0.768178 0.523023 0.373577 -0.766086 0.656250 0.625000
0.308658 -0.831470 -0.461940 0.308302 -0.825958 -0.471957 0.656250 0.187500
0.531648 0.290285 -0.795667 0.522313 0.299661 -0.798369 0.656250 0.593750
0.544895 0.195090 -0.815493 0.549887 0.201961 -0.810454 0.656250 0.562500
0.000000 1.000000 0.000000 -0.000000 1.000000 -0.000000 0.664062 1.000000
0.054455 0.995185 -0.081498 0.054456 0.995185 -0.081498 0.656250 0.968750
0.123764 -0.980785 -0.150807 0.123152 -0.980785 -0.151311 0.640625 0.062500
0.631338 -0.098017 -0.769288 0.618659 -0.098004 -0.779523 0.640625 0.468750
0.184155 0.956940 -0.224393 0.180478 0.956931 -0.227400 0.640625 0.906250
0.242772 0.923880 -0.295818 0.239563 0.927591 -0.286678 0.640625 0.875000
0.062181 -0.995185 -0.075768 0.067263 -0.994173 -0.084242 0.640625 0.031250
0.622204 -0.195090 -0.758157 0.634536 -0.195063 -0.747873 0.640625 0.437500
0.299051 0.881921 -0.364395 0.297906 0.885203 -0.357307 0.640625 0.843750
0.000000 -1.000000 0.000000 -0.000000 -1.000000 -0.000000 0.648438 0.000000
0.607077 -0.290285 -0.739725 0.594891 -0.290252 -0.749572 0.640625 0.406250
0.352450 0.831470 -0.429462 0.353346 0.827545 -0.436252 0.640625 0.812500
0.586103 -0.382683 -0.714168 0.597732 -0.382644 -0.704486 0.640625 0.375000
0.402455 0.773010 -0.490393 0.402137 0.766725 -0.500419 0.640625 0.781250
0.559485 -0.471397 -0.681734 0.559196 -0.471395 -0.681972 0.640625 0.343750
0.448584 0.707107 -0.546601 0.457503 0.707061 -0.539218 0.640625 0.750000
0.527479 -0.555570 -0.642735 0.524376 -0.547357 -0.652250 0.640625 0.312500
0.490393 0.634393 -0.597545 0.489173 0.628946 -0.604265 0.640625 0.718750
0.490393 -0.634393 -0.597545 0.489173 -0.628946 -0.604265 0.640625 0.281250
0.527479 0.555570 -0.642735 0.524376 0.547357 -0.652250 0.640625 0.687500
0.448584 -0.707107 -0.546601 0.457503 -0.707061 -0.539218 0.640625 0.250000
0.559485 0.471397 -0.681734 0.563025 0.480020 -0.672743 0.640625 0.656250
0.402455 -0.773010 -0.490393 0.401973 -0.773011 -0.490787 0.640625 0.218750
0.586103 0.382683 -0.714168 0.589488 0.389153 -0.707859 0.640625 0.625000
0.352450 -0.831470 -0.429462 0.345399 -0.831437 -0.435216 0.640625 0.187500
0.607077 0.290285 -0.739725 0.594891 0.290252 -0.749572 0.640625 0.593750
0.299051 -0.881921 -0.364395 0.305006 -0.881896 -0.359486 0.640625 0.156250
0.622204 0.195090 -0.758157 0.634536 0.195063 -0.747873 0.640625 0.562500
0.000000 1.000000 0.000000 -0.000000 1.000000 -0.000000 0.648438 1.000000
0.062181 0.995185 -0.075768 0.072508 0.993446 -0.088358 0.640625 0.968750
0.242772 -0.923880 -0.295818 0.242198 -0.923880 -0.296286 0.640625 0.125000
0.631338 0.098017 -0.769288 0.618659 0.098004 -0.779523 0.640625 0.531250
0.123764 0.980785 -0.150807 0.131719 0.978818 -0.156733 0.640625 0.937500
0.184155 -0.956940 -0.224393 0.183559 -0.956941 -0.224876 0.640625 0.093750
0.634393 0.000000 -0.773010 0.646963 -0.000000 -0.762521 0.640625 0.500000
0.000000 -1.000000 0.000000 -0.000000 -1.000000 -0.000000 0.632812 0.000000
0.069309 -0.995185 -0.069309 0.075199 -0.994173 -0.077241 0.625000 0.031250
0.676659 -0.290285 -0.676659 0.665496 -0.290254 -0.687654 0.625000 0.406250
0.392848 0.831470 -0.392848 0.383469 0.836879 -0.390621 0.625000 0.812500
0.653281 -0.382683 -0.653281 0.663901 -0.382644 -0.642510 0.625000 0.375000
0.448584 0.773010 -0.448584 0.441396 0.777435 -0.448068 0.625000 0.781250
0.623612 -0.471397 -0.623612 0.623346 -0.471395 -0.623881 0.625000 0.343750
0.500000 0.707107 -0.500000 0.508152 0.707061 -0.491778 0.625000 0.750000
0.587938 -0.555570 -0.587938 0.580894 -0.561383 -0.589416 0.625000 0.312500
0.546601 0.634393 -0.546601 0.546960 0.634395 -0.546239 0.625000 0.718750
0.546601 -0.634393 -0.546601 0.536999 -0.641942 -0.547306 0.625000 0.281250
0.587938 0.555570 -0.587938 0.578257 0.555520 -0.597509 0.625000 0.687500
0.500000 -0.707107 -0.500000 0.508152 -0.707061 -0.491778 0.625000 0.250000
0.623612 0.471397 -0.623612 0.623346 0.471395 -0.623881 0.625000 0.656250
0.448584 -0.773010 -0.448584 0.448145 -0.773010 -0.449022 0.625000 0.218750
0.653281 0.382683 -0.653281 0.663901 0.382644 -0.642510 0.625000 0.625000
0.392848 -0.831470 -0.392848 0.386397 -0.831436 -0.399263 0.625000 0.187500
0.676659 0.290285 -0.676659 0.665496 0.290254 -0.687654 0.625000 0.593750
0.333328 -0.881921 -0.333328 0.338775 -0.881897 -0.327857 0.625000 0.156250
0.693520 0.195090 -0.693520 0.704788 0.195065 -0.682073 0.625000 0.562500
0.000000 1.000000 0.000000 -0.000000 1.000000 -0.000000 0.632812 1.000000
0.069309 0.995185 -0.069309 0.077241 0.994173 -0.075199 0.625000 0.968750
0.270598 -0.923880 -0.270598 0.270070 -0.923881 -0.271122 0.625000 0.125000
0.703702 0.098017 -0.703702 0.692085 0.098005 -0.715131 0.625000 0.531250
0.137950 0.980785 -0.137950 0.138507 0.980785 -0.137396 0.625000 0.937500
0.205262 -0.956940 -0.205262 0.204715 -0.956941 -0.205803 0.625000 0.093750
0.707107 0.000000 -0.707107 0.718591 0.000000 -0.695433 0.625000 0.500000
0.205262 0.956940 -0.205262 0.208795 0.954880 -0.211210 0.625000 0.906250
0.137950 -0.980785 -0.137950 0.137396 -0.980785 -0.138507 0.625000 0.062500
0.703702 -0.098017 -0.703702 0.698218 -0.104997 -0.708143 0.625000 0.468750
0.270598 0.923880 -0.270598 0.274026 0.920068 -0.279973 0.625000 0.875000
0.693520 -0.195090 -0.693520 0.698848 -0.204707 -0.685351 0.625000 0.437500
0.333328 0.881921 -0.333328 0.338775 0.881897 -0.327857 0.625000 0.843750
0.681734 -0.471397 -0.559485 0.681492 -0.471396 -0.559780 0.609375 0.343750
0.490393 0.773010 -0.402455 0.492037 0.766725 -0.412350 0.609375 0.781250
0.546601 0.707107 -0.448584 0.553908 0.707062 -0.439602 0.609375 0.750000
0.642735 -0.555570 -0.527479 0.641547 -0.547356 -0.537419 0.609375 0.312500
0.597545 0.634393 -0.490393 0.597866 0.634395 -0.489999 0.609375 0.718750
0.597545 -0.634393 -0.490393 0.597659 -0.628946 -0.497223 0.609375 0.281250
0.642735 0.555570 -0.527479 0.634037 0.555520 -0.537954 0.609375 0.687500
0.546601 -0.707107 -0.448584 0.553908 -0.707062 -0.439602 0.609375 0.250000
0.681734 0.471397 -0.559485 0.688084 0.465187 -0.556904 0.609375 0.656250
0.490393 -0.773010 -0.402455 0.492037 -0.766725 -0.412350 0.609375 0.218750
0.714168 0.382683 -0.586103 0.722881 0.373577 -0.581278 0.609375 0.625000
0.429462 -0.831470 -0.352450 0.431668 -0.827545 -0.358931 0.609375 0.187500
0.739725 0.290285 -0.607077 0.729693 0.290252 -0.619114 0.609375 0.593750
0.364395 -0.881921 -0.299051 0.369280 -0.881896 -0.293073 0.609375 0.156250
0.758157 0.195090 -0.622203 0.768248 0.195062 -0.609710 0.609375 0.562500
0.000000 1.000000 0.000000 -0.000000 1.000000 -0.000000 0.617188 1.000000
0.075768 0.995185 -0.062181 0.075772 0.995185 -0.062178 0.609375 0.968750
0.295818 -0.923880 -0.242772 0.295344 -0.923880 -0.243345 0.609375 0.125000
0.769288 0.098017 -0.631338 0.758851 0.098005 -0.643848 0.609375 0.531250
0.150807 0.980785 -0.123764 0.138378 0.983848 -0.113558 0.609375 0.937500
0.224393 -0.956940 -0.184155 0.223899 -0.956942 -0.184748 0.609375 0.093750
0.773010 0.000000 -0.634393 0.783293 0.000000 -0.621653 0.609375 0.500000
0.224393 0.956940 -0.184155 0.220693 0.958952 -0.178058 0.609375 0.906250
0.150807 -0.980785 -0.123764 0.150308 -0.980785 -0.124375 0.609375 0.062500
0.769288 -0.098017 -0.631338 0.769239 -0.098019 -0.631398 0.609375 0.468750
0.295818 0.923880 -0.242772 0.291834 0.923863 -0.247610 0.609375 0.875000
0.075768 -0.995185 -0.062181 0.082411 -0.994172 -0.069494 0.609375 0.031250
0.758157 -0.195090 -0.622203 0.758060 -0.195087 -0.622323 0.609375 0.437500
0.364395 0.881921 -0.299051 0.369280 0.881896 -0.293073 0.609375 0.843750
0.000000 -1.000000 0.000000 -0.000000 -1.000000 -0.000000 0.617188 0.000000
0.739725 -0.290285 -0.607077 0.729693 -0.290252 -0.619114 0.609375 0.406250
0.429462 0.831470 -0.352450 0.431668 0.827545 -0.358931 0.609375 0.812500
0.714168 -0.382683 -0.586103 0.723680 -0.382644 -0.574344 0.609375 0.375000
0.691342 -0.555570 -0.461940 0.684721 -0.561384 -0.464763 0.593750 0.312500
0.642735 -0.634393 -0.429462 0.633455 -0.641942 -0.432025 0.593750 0.281250
0.691342 0.555570 -0.461940 0.683712 0.555521 -0.473217 0.593750 0.687500
0.587938 -0.707107 -0.392847 0.594329 -0.707062 -0.383192 0.593750 0.250000
0.733291 0.471397 -0.489969 0.734065 0.480023 -0.480340 0.593750 0.656250
0.527479 -0.773010 -0.352450 0.520329 -0.777435 -0.353345 0.593750 0.218750
0.768178 0.382683 -0.513280 0.769583 0.389151 -0.506264 0.593750 0.625000
0.461940 -0.831470 -0.308658 0.452309 -0.836879 -0.308302 0.593750 0.187500
0.795667 0.290285 -0.531648 0.786863 0.290249 -0.544611 0.593750 0.593750
0.391952 -0.881921 -0.261894 0.396228 -0.881896 -0.255467 0.593750 0.156250
0.815493 0.195090 -0.544895 0.819124 0.204706 -0.535846 0.593750 0.562500
0.000000 1.000000 0.000000 -0.000000 1.000000 -0.000000 0.601562 1.000000
0.081498 0.995185 -0.054455 0.095037 0.993446 -0.063502 0.593750 0.968750
0.318190 -0.923880 -0.212607 0.323381 -0.920067 -0.221136 0.593750 0.125000
0.827466 0.098017 -0.552895 0.827464 0.098019 -0.552898 0.593750 0.531250
0.162212 0.980785 -0.108386 0.175544 0.977459 -0.117292 0.593750 0.937500
0.241363 -0.956940 -0.161274 0.254353 -0.952061 -0.169953 0.593750 0.093750
0.831470 0.000000 -0.555570 0.836846 -0.009823 -0.547350 0.593750 0.500000
0.241363 0.956940 -0.161274 0.251004 0.954039 -0.163729 0.593750 0.906250
0.162212 -0.980785 -0.108386 0.175544 -0.977459 -0.117292 0.593750 0.062500
0.827466 -0.098017 -0.552895 0.827420 -0.098020 -0.552964 0.593750 0.468750
0.318190 0.923880 -0.212607 0.314699 0.923862 -0.217814 0.593750 0.875000
0.081498 -0.995185 -0.054455 0.095037 -0.993446 -0.063502 0.593750 0.031250
0.815493 -0.195090 -0.544895 0.815406 -0.195089 -0.545027 0.593750 0.437500
0.391952 0.881921 -0.261894 0.396228 0.881896 -0.255467 0.593750 0.843750
0.000000 -1.000000 0.000000 -0.000000 -1.000000 -0.000000 0.601562 0.000000
0.795667 -0.290285 -0.531648 0.786863 -0.290249 -0.544611 0.593750 0.406250
0.461940 0.831470 -0.308658 0.452309 0.836879 -0.308302 0.593750 0.812500
0.768178 -0.382683 -0.513280 0.776493 -0.382642 -0.500644 0.593750 0.375000
0.527479 0.773010 -0.352450 0.520329 0.777435 -0.353345 0.593750 0.781250
0.733291 -0.471397 -0.489969 0.733079 -0.471398 -0.490285 0.593750 0.343750
0.587938 0.707107 -0.392847 0.594329 0.707062 -0.383192 0.593750 0.750000
0.642735 0.634393 -0.429462 0.643017 0.634395 -0.429036 0.593750 0.718750
0.559485 -0.773010 -0.299051 0.559189 -0.773012 -0.299599 0.578125 0.218750
0.777785 0.471397 -0.415735 0.777606 0.471398 -0.416068 0.578125 0.656250
0.814789 0.382683 -0.435514 0.821827 0.382642 -0.422121 0.578125 0.625000
0.489969 -0.831470 -0.261894 0.485658 -0.831436 -0.269906 0.578125 0.187500
0.843946 0.290285 -0.451099 0.836457 0.290249 -0.464861 0.578125 0.593750
0.415735 -0.881921 -0.222215 0.419360 -0.881896 -0.215401 0.578125 0.156250
0.864975 0.195090 -0.462339 0.864902 0.195091 -0.462477 0.578125 0.562500
0.000000 1.000000 0.000000 -0.000000 1.000000 -0.000000 0.585938 1.000000
0.086443 0.995185 -0.046205 0.095743 0.994172 -0.049542 0.578125 0.968750
0.337497 -0.923880 -0.180396 0.330350 -0.926540 -0.179981 0.578125 0.125000
0.877675 0.098017 -0.469127 0.885239 0.098005 -0.454693 0.578125 0.531250
0.172054 0.980785 -0.091965 0.172428 0.980785 -0.091271 0.578125 0.937500
0.256008 -0.956940 -0.136839 0.242153 -0.961566 -0.129432 0.578125 0.093750
0.881921 0.000000 -0.471397 0.877206 0.009825 -0.480013 0.578125 0.500000
0.256008 0.956940 -0.136839 0.246574 0.959745 -0.134503 0.578125 0.906250
0.172054 -0.980785 -0.091965 0.162869 -0.982653 -0.088693 0.578125 0.062500
0.877675 -0.098017 -0.469127 0.881515 -0.091030 -0.463298 0.578125 0.468750
0.337497 0.923880 -0.180396 0.337494 0.923881 -0.180394 0.578125 0.875000
0.086443 -0.995185 -0.046205 0.095743 -0.994172 -0.049542 0.578125 0.031250
0.864975 -0.195090 -0.462339 0.864902 -0.195091 -0.462477 0.578125 0.437500
0.415735 0.881921 -0.222215 0.425732 0.877237 -0.221827 0.578125 0.843750
0.000000 -1.000000 0.000000 -0.000000 -1.000000 -0.000000 0.585938 0.000000
0.843946 -0.290285 -0.451099 0.836457 -0.290249 -0.464861 0.578125 0.406250
0.489969 0.831470 -0.261894 0.493396 0.827545 -0.267823 0.578125 0.812500
0.814789 -0.382683 -0.435514 0.821827 -0.382642 -0.422121 0.578125 0.375000
0.559485 0.773010 -0.299051 0.563026 0.766726 -0.308435 0.578125 0.781250
0.777785 -0.471397 -0.415735 0.777606 -0.471398 -0.416068 0.578125 0.343750
0.623613 0.707107 -0.333328 0.629028 0.707061 -0.323092 0.578125 0.750000
0.733291 -0.555570 -0.391952 0.734064 -0.547358 -0.401931 0.578125 0.312500
0.681734 0.634393 -0.364395 0.681974 0.634395 -0.363942 0.578125 0.718750
0.681734 -0.634393 -0.364395 0.683180 -0.628946 -0.371069 0.578125 0.281250
0.733291 0.555570 -0.391952 0.726804 0.555522 -0.403921 0.578125 0.687500
0.623613 -0.707107 -0.333328 0.629028 -0.707061 -0.323092 0.578125 0.250000
0.513280 -0.831470 -0.212608 0.509775 -0.831436 -0.221006 0.562500 0.187500
0.435514 -0.881921 -0.180396 0.438452 -0.881896 -0.173259 0.562500 0.156250
0.884098 0.290285 -0.366205 0.877993 0.290250 -0.380635 0.562500 0.593750
0.906127 0.195090 -0.375330 0.906067 0.195092 -0.375475 0.562500 0.562500
0.000000 1.000000 0.000000 -0.000000 1.000000 -0.000000 0.570312 1.000000
0.090556 0.995185 -0.037510 0.100137 0.994172 -0.039920 0.562500 0.968750
0.353553 -0.923880 -0.146447 0.353267 -0.923880 -0.147130 0.562500 0.125000
0.919431 0.098017 -0.380841 0.925545 0.098004 -0.365735 0.562500 0.531250
0.180240 0.980785 -0.074658 0.170777 0.982653 -0.072305 0.562500 0.937500
0.268188 -0.956940 -0.111087 0.267889 -0.956942 -0.111796 0.562500 0.093750
0.923879 0.000000 -0.382683 0.917490 -0.000000 -0.397758 0.562500 0.500000
0.268188 0.956940 -0.111087 0.261066 0.958953 -0.110700 0.562500 0.906250
0.180240 -0.980785 -0.074658 0.173224 -0.982128 -0.073603 0.562500 0.062500
0.919431 -0.098017 -0.380841 0.925545 -0.098004 -0.365735 0.562500 0.468750
0.353553 0.923880 -0.146447 0.346414 0.927591 -0.139899 0.562500 0.875000
0.090556 -0.995185 -0.037510 0.090555 -0.995185 -0.037514 0.562500 0.031250
0.906127 -0.195090 -0.375330 0.906067 -0.195092 -0.375475 0.562500 0.437500
0.435514 0.881921 -0.180396 0.431163 0.885203 -0.174684 0.562500 0.843750
0.000000 -1.000000 0.000000 -0.000000 -1.000000 -0.000000 0.570312 0.000000
0.884098 -0.290285 -0.366205 0.877993 -0.290250 -0.380635 0.562500 0.406250
0.513280 0.831470 -0.212608 0.513535 0.831470 -0.211992 0.562500 0.812500
0.853553 -0.382683 -0.353553 0.859244 -0.382642 -0.339537 0.562500 0.375000
0.586103 0.773010 -0.242772 0.582096 0.772970 -0.252353 0.562500 0.781250
0.814789 -0.471397 -0.337497 0.814645 -0.471396 -0.337845 0.562500 0.343750
0.653281 0.707107 -0.270598 0.657668 0.707061 -0.259880 0.562500 0.750000
0.768178 -0.555570 -0.318190 0.762233 -0.561386 -0.322251 0.562500 0.312500
0.714168 0.634393 -0.295818 0.714362 0.634395 -0.295346 0.562500 0.718750
0.714168 -0.634393 -0.295818 0.705567 -0.641942 -0.300143 0.562500 0.281250
0.768178 0.555570 -0.318190 0.762893 0.555524 -0.330737 0.562500 0.687500
0.653281 -0.707107 -0.270598 0.657668 -0.707061 -0.259880 0.562500 0.250000
0.814789 0.471397 -0.337497 0.820117 0.465187 -0.333180 0.562500 0.656250
0.586103 -0.773010 -0.242772 0.585866 -0.773010 -0.243343 0.562500 0.218750
0.853553 0.382683 -0.353553 0.860492 0.373574 -0.346404 0.562500 0.625000
0.186690 0.980785 -0.056632 0.192974 0.979391 -0.059617 0.546875 0.937500
0.277785 -0.956940 -0.084265 0.277557 -0.956941 -0.085001 0.546875 0.093750
0.956940 0.000000 -0.290285 0.952059 0.000000 -0.305913 0.546875 0.500000
0.277785 0.956940 -0.084265 0.292736 0.952061 -0.088801 0.546875 0.906250
0.186690 -0.980785 -0.056632 0.186463 -0.980784 -0.057387 0.546875 0.062500
0.952332 -0.098017 -0.288887 0.956936 -0.098003 -0.273257 0.546875 0.468750
0.366205 0.923880 -0.111087 0.380631 0.917490 -0.115463 0.546875 0.875000
0.093797 -0.995185 -0.028453 0.102731 -0.994172 -0.032672 0.546875 0.031250
0.938553 -0.195090 -0.284707 0.938507 -0.195091 -0.284858 0.546875 0.437500
0.451099 0.881921 -0.136839 0.460828 0.877238 -0.134504 0.546875 0.843750
0.000000 -1.000000 0.000000 -0.000000 -1.000000 -0.000000 0.554688 0.000000
0.915735 -0.290285 -0.277785 0.911073 -0.290250 -0.292746 0.546875 0.406250
0.531648 0.831470 -0.161274 0.531840 0.831470 -0.160634 0.546875 0.812500
0.884098 -0.382683 -0.268188 0.888387 -0.382643 -0.253680 0.546875 0.375000
0.607076 0.773010 -0.184155 0.604028 0.772969 -0.194088 0.546875 0.781250
0.843946 -0.471397 -0.256008 0.843836 -0.471398 -0.256369 0.546875 0.343750
0.676659 0.707107 -0.205262 0.679971 0.707062 -0.194171 0.546875 0.750000
0.795667 -0.555570 -0.241363 0.798373 -0.547357 -0.250998 0.546875 0.312500
0.739725 0.634393 -0.224393 0.739871 0.634395 -0.223906 0.546875 0.718750
0.739725 -0.634393 -0.224393 0.742443 -0.628947 -0.230660 0.546875 0.281250
0.795667 0.555570 -0.241363 0.791639 0.555522 -0.254368 0.546875 0.687500
0.676659 -0.707107 -0.205262 0.679971 -0.707062 -0.194171 0.546875 0.250000
0.843946 0.471397 -0.256008 0.841892 0.480024 -0.246565 0.546875 0.656250
0.607076 -0.773010 -0.184155 0.606896 -0.773011 -0.184749 0.546875 0.218750
0.884098 0.382683 -0.268188 0.883406 0.389151 -0.261065 0.546875 0.625000
0.531648 -0.831470 -0.161274 0.528985 -0.831435 -0.169971 0.546875 0.187500
0.915735 0.290285 -0.277785 0.911073 0.290250 -0.292746 0.546875 0.593750
0.451099 -0.881921 -0.136839 0.460828 -0.877238 -0.134504 0.546875 0.156250
0.938553 0.195090 -0.284707 0.938507 0.195091 -0.284858 0.546875 0.562500
0.000000 1.000000 0.000000 -0.000000 1.000000 -0.000000 0.554688 1.000000
0.093797 0.995185 -0.028453 0.103569 0.994172 -0.029909 0.546875 0.968750
0.366205 -0.923880 -0.111087 0.373085 -0.921169 -0.110700 0.546875 0.125000
0.952332 0.098017 -0.288887 0.956936 0.098003 -0.273257 0.546875 0.531250
0.375330 0.923880 -0.074658 0.369543 0.926540 -0.070446 0.531250 0.875000
0.096134 -0.995185 -0.019122 0.112105 -0.993446 -0.022296 0.531250 0.031250
0.961940 -0.195090 -0.191342 0.961909 -0.195091 -0.191494 0.531250 0.437500
0.462339 0.881921 -0.091965 0.462475 0.881922 -0.091269 0.531250 0.843750
0.000000 -1.000000 0.000000 -0.000000 -1.000000 -0.000000 0.539062 0.000000
0.938553 -0.290285 -0.186690 0.935380 -0.290253 -0.202032 0.531250 0.406250
0.544895 0.831470 -0.108386 0.535860 0.836880 -0.111742 0.531250 0.812500
0.906127 -0.382683 -0.180240 0.908974 -0.382643 -0.165381 0.531250 0.375000
0.622204 0.773010 -0.123764 0.615940 0.777435 -0.127328 0.531250 0.781250
0.864975 -0.471397 -0.172054 0.864902 -0.471397 -0.172423 0.531250 0.343750
0.693520 0.707107 -0.137950 0.695731 0.707061 -0.126583 0.531250 0.750000
0.815493 -0.555570 -0.162212 0.810457 -0.561384 -0.167353 0.531250 0.312500
0.758157 0.634393 -0.150807 0.758256 0.634394 -0.150307 0.531250 0.718750
0.758157 -0.634393 -0.150807 0.750566 -0.641941 -0.156727 0.531250 0.281250
0.815493 0.555570 -0.162212 0.812760 0.555521 -0.175548 0.531250 0.687500
0.693520 -0.707107 -0.137950 0.695731 -0.707061 -0.126583 0.531250 0.250000
0.864975 0.471397 -0.172054 0.869358 0.465189 -0.166779 0.531250 0.656250
0.622204 -0.773010 -0.123764 0.622080 -0.773012 -0.124373 0.531250 0.218750
0.906127 0.382683 -0.180240 0.911538 0.373575 -0.171872 0.531250 0.625000
0.544895 -0.831470 -0.108386 0.543097 -0.831436 -0.117303 0.531250 0.187500
0.938553 0.290285 -0.186690 0.935380 0.290253 -0.202032 0.531250 0.593750
0.462339 -0.881921 -0.091965 0.462475 -0.881922 -0.091269 0.531250 0.156250
0.961940 0.195090 -0.191342 0.961909 0.195091 -0.191494 0.531250 0.562500
0.000000 1.000000 0.000000 -0.000000 1.000000 -0.000000 0.539062 1.000000
0.096134 0.995185 -0.019122 0.106002 0.994172 -0.019610 0.531250 0.968750
0.375330 -0.923880 -0.074658 0.376543 -0.923862 -0.068512 0.531250 0.125000
0.976063 0.098017 -0.194151 0.979112 0.098004 -0.178146 0.531250 0.531250
0.191342 0.980785 -0.038060 0.191498 0.980785 -0.037285 0.531250 0.937500
0.284707 -0.956940 -0.056632 0.284552 -0.956941 -0.057386 0.531250 0.093750
0.980785 0.000000 -0.195090 0.977459 0.000000 -0.211127 0.531250 0.500000
0.284707 0.956940 -0.056632 0.275001 0.959744 -0.057139 0.531250 0.906250
0.191342 -0.980785 -0.038060 0.200318 -0.978818 -0.042282 0.531250 0.062500
0.976063 -0.098017 -0.194151 0.979112 -0.098004 -0.178146 0.531250 0.468750
0.552895 0.831470 -0.054455 0.558331 0.827545 -0.058620 0.515625 0.812500
0.952332 -0.290285 -0.093797 0.950680 -0.290250 -0.109377 0.515625 0.406250
0.919431 -0.382683 -0.090556 0.920807 -0.382642 -0.075491 0.515625 0.375000
0.631338 0.773010 -0.062181 0.638203 0.766725 -0.069492 0.515625 0.781250
0.877674 -0.471397 -0.086443 0.877636 -0.471398 -0.086822 0.515625 0.343750
0.703702 0.707107 -0.069308 0.704787 0.707062 -0.057781 0.515625 0.750000
0.827466 -0.555570 -0.081498 0.832000 -0.547357 -0.090424 0.515625 0.312500
0.769288 0.634393 -0.075768 0.769337 0.634395 -0.075261 0.515625 0.718750
0.769288 -0.634393 -0.075768 0.773178 -0.628946 -0.081383 0.515625 0.281250
0.827466 0.555570 -0.081498 0.826053 0.555521 -0.095041 0.515625 0.687500
0.703702 -0.707107 -0.069308 0.704787 -0.707062 -0.057781 0.515625 0.250000
0.877674 0.471397 -0.086443 0.878998 0.471349 -0.072063 0.515625 0.656250
0.631338 -0.773010 -0.062181 0.631276 -0.773011 -0.062797 0.515625 0.218750
0.919431 0.382683 -0.090556 0.919460 0.382686 -0.090250 0.515625 0.625000
0.552895 -0.831470 -0.054455 0.551980 -0.831436 -0.063505 0.515625 0.187500
0.952332 0.290285 -0.093797 0.950680 0.290250 -0.109377 0.515625 0.593750
0.469127 -0.881921 -0.046205 0.463306 -0.885202 -0.042002 0.515625 0.156250
0.976062 0.195090 -0.096134 0.976047 0.195093 -0.096288 0.515625 0.562500
0.000000 1.000000 0.000000 -0.000000 1.000000 -0.000000 0.523438 1.000000
0.097545 0.995185 -0.009607 0.107414 0.994172 -0.009127 0.515625 0.968750
0.380841 -0.923880 -0.037510 0.380838 -0.923880 -0.037509 0.515625 0.125000
0.990393 0.098017 -0.097545 0.991858 0.098008 -0.081315 0.515625 0.531250
0.194151 0.980785 -0.019122 0.184413 0.982653 -0.019610 0.515625 0.937500
0.288887 -0.956940 -0.028453 0.304435 -0.952061 -0.029985 0.515625 0.093750
0.995185 0.000000 -0.098017 0.993446 -0.000000 -0.114299 0.515625 0.500000
0.288887 0.956940 -0.028453 0.288882 0.956942 -0.028452 0.515625 0.906250
0.194151 -0.980785 -0.019122 0.194153 -0.980785 -0.019120 0.515625 0.062500
0.990393 -0.098017 -0.097545 0.991858 -0.098008 -0.081315 0.515625 0.468750
0.380841 0.923880 -0.037510 0.390263 0.920068 -0.034211 0.515625 0.875000
0.097545 -0.995185 -0.009607 0.097546 -0.995185 -0.009606 0.515625 0.031250
0.976062 -0.195090 -0.096134 0.976047 -0.195093 -0.096288 0.515625 0.437500
0.469127 0.881921 -0.046205 0.469195 0.881922 -0.045501 0.515625 0.843750
0.000000 -1.000000 0.000000 -0.000000 -1.000000 -0.000000 0.523438 0.000000
0.634393 0.773010 -0.000000 0.634357 0.772971 -0.010388 0.500000 0.781250
0.707107 0.707107 0.000000 0.707057 0.707062 0.011578 0.500000 0.750000
0.831470 -0.555570 -0.000000 0.831390 -0.555522 -0.013615 0.500000 0.312500
0.773010 0.634393 -0.000000 0.773009 0.634395 0.000510 0.500000 0.718750
0.773010 -0.634393 -0.000000 0.773009 -0.634395 0.000510 0.500000 0.281250
0.831470 0.555570 -0.000000 0.831390 0.555522 -0.013615 0.500000 0.687500
0.707107 -0.707107 0.000000 0.707057 -0.707062 0.011578 0.500000 0.250000
0.881921 0.471397 0.000000 0.877217 0.480020 0.008438 0.500000 0.656250
0.634393 -0.773010 -0.000000 0.641939 -0.766727 -0.006606 0.500000 0.218750
0.923879 0.382683 0.000000 0.921150 0.389151 0.006615 0.500000 0.625000
0.555570 -0.831470 -0.000000 0.561389 -0.827544 -0.003613 0.500000 0.187500
0.956940 0.290285 -0.000000 0.956822 0.290251 -0.015668 0.500000 0.593750
0.471397 -0.881921 0.000000 0.471381 -0.881896 0.007717 0.500000 0.156250
0.980785 0.195090 0.000000 0.980785 0.195094 -0.000156 0.500000 0.562500
0.000000 1.000000 0.000000 -0.000000 1.000000 -0.000000 0.507812 1.000000
0.098017 0.995185 0.000000 0.107792 0.994172 0.001443 0.500000 0.968750
0.382683 -0.923880 0.000000 0.376185 -0.926540 -0.003004 0.500000 0.125000
0.995185 0.098017 0.000000 0.995052 0.098007 0.016295 0.500000 0.531250
0.195090 0.980785 -0.000000 0.195091 0.980780 -0.003195 0.500000 0.937500
0.290285 -0.956940 0.000000 0.274574 -0.961566 0.000000 0.500000 0.093750
1.000000 0.000000 0.000000 0.999866 0.000000 -0.016373 0.500000 0.500000
0.290285 0.956940 0.000000 0.290277 0.956931 0.004751 0.500000 0.906250
0.195090 -0.980785 -0.000000 0.185447 -0.982653 0.001444 0.500000 0.062500
0.995185 -0.098017 0.000000 0.995052 -0.098007 0.016295 0.500000 0.468750
0.382683 0.923880 0.000000 0.382681 0.923880 0.000743 0.500000 0.875000
0.098017 -0.995185 0.000000 0.107792 -0.994172 -0.001443 0.500000 0.031250
0.980785 -0.195090 0.000000 0.980785 -0.195094 -0.000156 0.500000 0.437500
0.471397 0.881921 0.000000 0.471395 0.881922 0.000710 0.500000 0.843750
0.000000 -1.000000 0.000000 -0.000000 -1.000000 -0.000000 0.507812 0.000000
0.956940 -0.290285 -0.000000 0.956822 -0.290251 -0.015668 0.500000 0.406250
0.555570 0.831470 -0.000000 0.555570 0.831470 0.000669 0.500000 0.812500
0.923879 -0.382683 0.000000 0.923773 -0.382641 0.015128 0.500000 0.375000
0.881921 -0.471397 0.000000 0.881921 -0.471396 -0.000377 0.500000 0.343750
0.827466 0.555570 0.081498 0.828722 0.555521 0.067943 0.484375 0.687500
0.769288 -0.634393 0.075768 0.769238 -0.634394 0.076275 0.484375 0.281250
0.703702 -0.707107 0.069309 0.702517 -0.707062 0.080825 0.484375 0.250000
0.877674 0.471397 0.086443 0.880338 0.465189 0.092762 0.484375 0.656250
0.631338 -0.773010 0.062181 0.632321 -0.772971 0.051837 0.484375 0.218750
0.919431 0.382683 0.090556 0.922179 0.373576 0.100131 0.484375 0.625000
0.552895 -0.831470 0.054455 0.552829 -0.831470 0.055119 0.484375 0.187500
0.952332 0.290285 0.093797 0.953751 0.290249 0.078190 0.484375 0.593750
0.469127 -0.881921 0.046205 0.468355 -0.881896 0.053888 0.484375 0.156250
0.976062 0.195090 0.096134 0.976077 0.195094 0.095975 0.484375 0.562500
0.000000 1.000000 0.000000 -0.000000 1.000000 -0.000000 0.492188 1.000000
0.097545 0.995185 0.009607 0.107131 0.994172 0.012000 0.484375 0.968750
0.380841 -0.923880 0.037510 0.380911 -0.923880 0.036770 0.484375 0.125000
0.990393 0.098017 0.097545 0.988664 0.098006 0.113751 0.484375 0.531250
0.194151 0.980785 0.019122 0.194465 0.980780 0.015941 0.484375 0.937500
0.288887 -0.956940 0.028453 0.288958 -0.956941 0.027686 0.484375 0.093750
0.995185 0.000000 0.098017 0.996656 -0.000000 0.081710 0.484375 0.500000
0.288887 0.956940 0.028453 0.288413 0.956931 0.033184 0.484375 0.906250
0.194151 -0.980785 0.019122 0.194230 -0.980785 0.018334 0.484375 0.062500
0.990393 -0.098017 0.097545 0.988664 -0.098006 0.113751 0.484375 0.468750
0.380841 0.923880 0.037510 0.380765 0.923880 0.038249 0.484375 0.875000
0.097545 -0.995185 0.009607 0.107414 -0.994172 0.009127 0.484375 0.031250
0.976062 -0.195090 0.096134 0.976077 -0.195094 0.095975 0.484375 0.437500
0.469127 0.881921 0.046205 0.469056 0.881922 0.046910 0.484375 0.843750
0.000000 -1.000000 0.000000 -0.000000 -1.000000 -0.000000 0.492188 0.000000
0.952332 -0.290285 0.093797 0.953751 -0.290249 0.078190 0.484375 0.406250
0.552895 0.831470 0.054455 0.552829 0.831470 0.055119 0.484375 0.812500
0.919431 -0.382683 0.090556 0.917842 -0.382643 0.105599 0.484375 0.375000
0.631338 0.773010 0.062181 0.632321 0.772971 0.051837 0.484375 0.781250
0.877674 -0.471397 0.086443 0.877711 -0.471398 0.086066 0.484375 0.343750
0.703702 0.707107 0.069309 0.702517 0.707062 0.080825 0.484375 0.750000
0.827466 -0.555570 0.081498 0.828722 -0.555521 0.067943 0.484375 0.312500
0.769288 0.634393 0.075768 0.769238 0.634394 0.076275 0.484375 0.718750
0.906127 0.382683 0.180240 0.906065 0.382689 0.180543 0.468750 0.625000
0.622204 -0.773010 0.123764 0.617780 -0.777436 0.118072 0.468750 0.218750
0.544895 -0.831470 0.108386 0.531465 -0.840458 0.105714 0.468750 0.187500
0.938553 0.290285 0.186690 0.941494 0.290252 0.171297 0.468750 0.593750
0.462339 -0.881921 0.091965 0.462337 -0.881922 0.091968 0.468750 0.156250
0.961940 0.195090 0.191342 0.961970 0.195090 0.191188 0.468750 0.562500
0.000000 1.000000 0.000000 -0.000000 1.000000 -0.000000 0.476562 1.000000
0.096134 0.995185 0.019122 0.105439 0.994172 0.022442 0.468750 0.968750
0.375330 -0.923880 0.074658 0.381216 -0.921169 0.078245 0.468750 0.125000
0.976062 0.098017 0.194151 0.972754 0.098002 0.210109 0.468750 0.531250
0.191342 0.980785 0.038060 0.198291 0.979391 0.038390 0.468750 0.937500
0.284707 -0.956940 0.056632 0.284852 -0.956941 0.055878 0.468750 0.093750
0.980785 0.000000 0.195090 0.983847 0.000000 0.179010 0.468750 0.500000
0.284707 0.956940 0.056632 0.293261 0.954038 0.061713 0.468750 0.906250
0.191342 -0.980785 0.038060 0.191498 -0.980785 0.037285 0.468750 0.062500
0.976062 -0.098017 0.194151 0.972754 -0.098002 0.210109 0.468750 0.468750
0.375330 0.923880 0.074658 0.375182 0.923880 0.075389 0.468750 0.875000
0.096134 -0.995185 0.019122 0.106002 -0.994172 0.019610 0.468750 0.031250
0.961940 -0.195090 0.191342 0.961970 -0.195090 0.191188 0.468750 0.437500
0.462339 0.881921 0.091965 0.462198 0.881922 0.092662 0.468750 0.843750
0.000000 -1.000000 0.000000 -0.000000 -1.000000 -0.000000 0.476562 0.000000
0.938553 -0.290285 0.186690 0.941494 -0.290252 0.171297 0.468750 0.406250
0.544895 0.831470 0.108386 0.537834 0.836879 0.101823 0.468750 0.812500
0.906127 -0.382683 0.180240 0.903071 -0.382643 0.195058 0.468750 0.375000
0.622204 0.773010 0.123764 0.617780 0.777436 0.118072 0.468750 0.781250
0.864975 -0.471397 0.172054 0.865049 -0.471398 0.171682 0.468750 0.343750
0.693520 0.707107 0.137950 0.691212 0.707061 0.149298 0.468750 0.750000
0.815493 -0.555570 0.162212 0.812809 -0.561384 0.155532 0.468750 0.312500
0.758157 0.634393 0.150807 0.753410 0.641940 0.142430 0.468750 0.718750
0.758157 -0.634393 0.150807 0.753410 -0.641940 0.142430 0.468750 0.281250
0.815493 0.555570 0.162212 0.812809 0.561384 0.155532 0.468750 0.687500
0.693520 -0.707107 0.137950 0.691212 -0.707061 0.149298 0.468750 0.250000
0.864975 0.471397 0.172054 0.862068 0.471348 0.186197 0.468750 0.656250
0.915735 0.290285 0.277785 0.920169 0.290254 0.262757 0.453125 0.593750
0.938553 0.195090 0.284707 0.938599 0.195086 0.284559 0.453125 0.562500
0.000000 1.000000 0.000000 -0.000000 1.000000 -0.000000 0.460938 1.000000
0.093797 0.995185 0.028453 0.102731 0.994172 0.032672 0.453125 0.968750
0.451098 -0.881921 0.136839 0.451096 -0.881923 0.136837 0.453125 0.156250
0.366205 -0.923880 0.111087 0.366204 -0.923880 0.111087 0.453125 0.125000
0.952332 0.098017 0.288887 0.947476 0.098004 0.304441 0.453125 0.531250
0.186690 0.980785 0.056632 0.186463 0.980784 0.057387 0.453125 0.937500
0.277785 -0.956940 0.084265 0.283704 -0.954880 0.087846 0.453125 0.093750
0.956940 0.000000 0.290285 0.961565 0.000000 0.274578 0.453125 0.500000
0.277785 0.956940 0.084265 0.277557 0.956941 0.085001 0.453125 0.906250
0.186690 -0.980785 0.056632 0.186921 -0.980785 0.055879 0.453125 0.062500
0.952332 -0.098017 0.288887 0.947476 -0.098004 0.304441 0.453125 0.468750
0.366205 0.923880 0.111087 0.358459 0.927591 0.105275 0.453125 0.875000
0.093797 -0.995185 0.028453 0.103569 -0.994172 0.029909 0.453125 0.031250
0.938553 -0.195090 0.284707 0.938599 -0.195086 0.284559 0.453125 0.437500
0.451098 0.881921 0.136839 0.444111 0.885203 0.138494 0.453125 0.843750
0.000000 -1.000000 0.000000 -0.000000 -1.000000 -0.000000 0.460938 0.000000
0.915735 -0.290285 0.277785 0.920169 -0.290254 0.262757 0.453125 0.406250
0.531648 0.831470 0.161274 0.534264 0.831437 0.152562 0.453125 0.812500
0.884097 -0.382683 0.268188 0.884925 -0.373576 0.278117 0.453125 0.375000
0.607076 0.773010 0.184155 0.607256 0.773010 0.183562 0.453125 0.781250
0.843946 -0.471397 0.256008 0.845327 -0.465186 0.262724 0.453125 0.343750
0.676659 0.707107 0.205262 0.673249 0.707063 0.216328 0.453125 0.750000
0.795667 -0.555570 0.241363 0.803271 -0.547357 0.234851 0.453125 0.312500
0.739725 0.634393 0.224393 0.745468 0.628946 0.220692 0.453125 0.718750
0.739725 -0.634393 0.224393 0.745468 -0.628946 0.220692 0.453125 0.281250
0.795667 0.555570 0.241363 0.803271 0.547357 0.234851 0.453125 0.687500
0.676659 -0.707107 0.205262 0.673249 -0.707063 0.216328 0.453125 0.250000
0.843946 0.471397 0.256008 0.839668 0.471346 0.269798 0.453125 0.656250
0.607076 -0.773010 0.184155 0.607256 -0.773010 0.183562 0.453125 0.218750
0.884097 0.382683 0.268188 0.884007 0.382687 0.268481 0.453125 0.625000
0.531648 -0.831470 0.161274 0.541130 -0.825958 0.158027 0.453125 0.187500
0.923879 0.000000 0.382683 0.930022 0.000000 0.367503 0.437500 0.500000
0.268188 0.956940 0.111087 0.261066 0.958953 0.110700 0.437500 0.906250
0.180240 -0.980785 0.074658 0.190049 -0.978818 0.076136 0.437500 0.062500
0.919431 -0.098017 0.380841 0.913073 -0.098005 0.395844 0.437500 0.468750
0.353553 0.923880 0.146447 0.360440 0.921169 0.146733 0.437500 0.875000
0.090556 -0.995185 0.037510 0.105599 -0.993446 0.043744 0.437500 0.031250
0.906127 -0.195090 0.375330 0.906187 -0.195089 0.375186 0.437500 0.437500
0.435514 0.881921 0.180396 0.441555 0.877238 0.188369 0.437500 0.843750
0.000000 -1.000000 0.000000 -0.000000 -1.000000 -0.000000 0.445312 0.000000
0.884098 -0.290285 0.366205 0.889984 -0.290252 0.351685 0.437500 0.406250
0.513280 0.831470 0.212608 0.516739 0.831436 0.204194 0.437500 0.812500
0.853553 -0.382683 0.353553 0.853436 -0.382685 0.353835 0.437500 0.375000
0.586103 0.773010 0.242772 0.586340 0.773011 0.242197 0.437500 0.781250
0.814789 -0.471397 0.337497 0.809179 -0.471347 0.350802 0.437500 0.343750
0.653281 0.707107 0.270598 0.648803 0.707062 0.281278 0.437500 0.750000
0.768178 -0.555570 0.318190 0.766847 -0.561385 0.311116 0.437500 0.312500
0.714169 0.634393 0.295818 0.711143 0.641943 0.286678 0.437500 0.718750
0.714169 -0.634393 0.295818 0.711143 -0.641943 0.286678 0.437500 0.281250
0.768178 0.555570 0.318190 0.766847 0.561385 0.311116 0.437500 0.687500
0.653281 -0.707107 0.270598 0.648803 -0.707062 0.281278 0.437500 0.250000
0.814789 0.471397 0.337497 0.809179 0.471347 0.350802 0.437500 0.656250
0.586103 -0.773010 0.242772 0.586340 -0.773011 0.242197 0.437500 0.218750
0.853553 0.382683 0.353553 0.853436 0.382685 0.353835 0.437500 0.625000
0.513280 -0.831470 0.212608 0.516739 -0.831436 0.204194 0.437500 0.187500
0.884098 0.290285 0.366205 0.888470 0.283557 0.360856 0.437500 0.593750
0.435514 -0.881921 0.180396 0.432546 -0.881896 0.187518 0.437500 0.156250
0.906127 0.195090 0.375330 0.911535 0.185436 0.367039 0.437500 0.562500
0.000000 1.000000 0.000000 -0.000000 1.000000 -0.000000 0.445312 1.000000
0.090556 0.995185 0.037510 0.099032 0.994172 0.042587 0.437500 0.968750
0.353553 -0.923880 0.146447 0.355943 -0.923862 0.140650 0.437500 0.125000
0.919431 0.098017 0.380841 0.913073 0.098005 0.395844 0.437500 0.531250
0.180240 0.980785 0.074658 0.171882 0.982653 0.069637 0.437500 0.937500
0.268188 -0.956940 0.111087 0.266361 -0.956931 0.115476 0.437500 0.093750
0.864975 -0.195090 0.462339 0.865049 -0.195089 0.462201 0.421875 0.437500
0.415735 0.881921 0.222215 0.415400 0.881922 0.222839 0.421875 0.843750
0.000000 -1.000000 0.000000 -0.000000 -1.000000 -0.000000 0.429688 0.000000
0.086443 -0.995185 0.046205 0.094382 -0.994172 0.052087 0.421875 0.031250
0.843946 -0.290285 0.451099 0.851229 -0.290250 0.437223 0.421875 0.406250
0.489969 0.831470 0.261894 0.494236 0.831436 0.253860 0.421875 0.812500
0.814789 -0.382683 0.435514 0.814645 -0.382685 0.435782 0.421875 0.375000
0.559485 0.773010 0.299051 0.559777 0.773011 0.298502 0.421875 0.781250
0.777785 -0.471397 0.415735 0.770895 -0.471349 0.428429 0.421875 0.343750
0.623612 0.707107 0.333328 0.618112 0.707062 0.343512 0.421875 0.750000
0.733291 -0.555570 0.391952 0.733499 -0.555573 0.391557 0.421875 0.312500
0.681734 0.634393 0.364395 0.687644 0.634345 0.353201 0.421875 0.718750
0.681734 -0.634393 0.364395 0.687644 -0.634345 0.353201 0.421875 0.281250
0.733291 0.555570 0.391952 0.733499 0.555573 0.391557 0.421875 0.687500
0.623612 -0.707107 0.333328 0.618112 -0.707062 0.343512 0.421875 0.250000
0.777785 0.471397 0.415735 0.770895 0.471349 0.428429 0.421875 0.656250
0.559485 -0.773010 0.299051 0.559777 -0.773011 0.298502 0.421875 0.218750
0.814789 0.382683 0.435514 0.814645 0.382685 0.435782 0.421875 0.625000
0.489969 -0.831470 0.261894 0.494236 -0.831436 0.253860 0.421875 0.187500
0.843946 0.290285 0.451099 0.843837 0.290286 0.451303 0.421875 0.593750
0.415735 -0.881921 0.222215 0.420965 -0.877237 0.230746 0.421875 0.156250
0.864975 0.195090 0.462339 0.872434 0.195064 0.448117 0.421875 0.562500
0.000000 1.000000 0.000000 -0.000000 1.000000 -0.000000 0.429688 1.000000
0.086443 0.995185 0.046205 0.094382 0.994172 0.052087 0.421875 0.968750
0.337497 -0.923880 0.180396 0.344319 -0.921169 0.181359 0.421875 0.125000
0.877674 0.098017 0.469127 0.869876 0.098005 0.483436 0.421875 0.531250
0.172054 0.980785 0.091965 0.173561 0.980780 0.089150 0.421875 0.937500
0.256008 -0.956940 0.136839 0.253761 -0.956931 0.141026 0.421875 0.093750
0.881921 0.000000 0.471397 0.889520 -0.000000 0.456896 0.421875 0.500000
0.256008 0.956940 0.136839 0.253761 0.956931 0.141026 0.421875 0.906250
0.172054 -0.980785 0.091965 0.173561 -0.980780 0.089150 0.421875 0.062500
0.877674 -0.098017 0.469127 0.869876 -0.098005 0.483436 0.421875 0.468750
0.337497 0.923880 0.180396 0.337144 0.923880 0.181050 0.421875 0.875000
0.795667 -0.290285 0.531648 0.804274 -0.290249 0.518555 0.406250 0.406250
0.768178 -0.382683 0.513280 0.762231 -0.389153 0.517266 0.406250 0.375000
0.461940 0.831470 0.308658 0.466974 0.831437 0.301079 0.406250 0.812500
0.527479 0.773010 0.352450 0.527824 0.773012 0.351930 0.406250 0.781250
0.733290 -0.471397 0.489969 0.724690 -0.480023 0.494371 0.406250 0.343750
0.587938 0.707107 0.392848 0.581464 0.707062 0.402446 0.406250 0.750000
0.691342 -0.555570 0.461940 0.691588 -0.555571 0.461569 0.406250 0.312500
0.642735 0.634393 0.429462 0.649716 0.634344 0.418900 0.406250 0.718750
0.642735 -0.634393 0.429462 0.649716 -0.634344 0.418900 0.406250 0.281250
0.691342 0.555570 0.461940 0.691588 0.555571 0.461569 0.406250 0.687500
0.587938 -0.707107 0.392848 0.581464 -0.707062 0.402446 0.406250 0.250000
0.733290 0.471397 0.489969 0.724690 0.480023 0.494371 0.406250 0.656250
0.527479 -0.773010 0.352450 0.527824 -0.773012 0.351930 0.406250 0.218750
0.768178 0.382683 0.513280 0.762231 0.389153 0.517266 0.406250 0.625000
0.461940 -0.831470 0.308658 0.466974 -0.831437 0.301079 0.406250 0.187500
0.795667 0.290285 0.531648 0.798367 0.299661 0.522315 0.406250 0.593750
0.391952 -0.881921 0.261894 0.384785 -0.885203 0.261452 0.406250 0.156250
0.815493 0.195090 0.544895 0.818177 0.201963 0.538328 0.406250 0.562500
0.000000 1.000000 0.000000 -0.000000 1.000000 -0.000000 0.414062 1.000000
0.081498 0.995185 0.054455 0.088823 0.994173 0.061086 0.406250 0.968750
0.318190 -0.923880 0.212607 0.305565 -0.930023 0.204173 0.406250 0.125000
0.827466 0.098017 0.552895 0.818304 0.098002 0.566370 0.406250 0.531250
0.162212 0.980785 0.108386 0.168505 0.979391 0.111350 0.406250 0.937500
0.241363 -0.956940 0.161274 0.232203 -0.959745 0.158025 0.406250 0.093750
0.831469 0.000000 0.555570 0.835327 -0.007018 0.549708 0.406250 0.500000
0.241363 0.956940 0.161274 0.247323 0.954039 0.169239 0.406250 0.906250
0.162212 -0.980785 0.108386 0.163988 -0.980780 0.105729 0.406250 0.062500
0.827466 -0.098017 0.552895 0.821181 -0.107783 0.560397 0.406250 0.468750
0.318190 0.923880 0.212607 0.312463 0.927591 0.204796 0.406250 0.875000
0.081498 -0.995185 0.054455 0.088823 -0.994173 0.061086 0.406250 0.031250
0.815493 -0.195090 0.544895 0.815581 -0.195090 0.544764 0.406250 0.437500
0.391952 0.881921 0.261894 0.384785 0.885203 0.261452 0.406250 0.843750
0.000000 -1.000000 0.000000 -0.000000 -1.000000 -0.000000 0.414062 0.000000
0.642735 -0.555570 0.527479 0.643017 -0.555572 0.527133 0.390625 0.312500
0.597545 0.634393 0.490393 0.605525 0.634344 0.480570 0.390625 0.718750
0.597545 -0.634393 0.490393 0.605525 -0.634344 0.480570 0.390625 0.281250
0.642735 0.555570 0.527479 0.643017 0.555572 0.527133 0.390625 0.687500
0.546601 -0.707107 0.448584 0.539216 -0.707061 0.457504 0.390625 0.250000
0.681734 0.471397 0.559485 0.681974 0.471397 0.559193 0.390625 0.656250
0.490393 -0.773010 0.402455 0.490786 -0.773011 0.401973 0.390625 0.218750
0.714168 0.382683 0.586103 0.704487 0.382642 0.597732 0.390625 0.625000
0.429462 -0.831470 0.352450 0.435214 -0.831437 0.345399 0.390625 0.187500
0.739725 0.290285 0.607076 0.745461 0.283558 0.603227 0.390625 0.593750
0.364394 -0.881921 0.299051 0.367860 -0.877238 0.308435 0.390625 0.156250
0.758157 0.195090 0.622204 0.765739 0.185436 0.615839 0.390625 0.562500
0.000000 1.000000 0.000000 -0.000000 1.000000 -0.000000 0.398438 1.000000
0.075768 0.995185 0.062181 0.082411 0.994172 0.069494 0.390625 0.968750
0.295818 -0.923880 0.242772 0.307473 -0.917490 0.252336 0.390625 0.125000
0.769288 0.098017 0.631338 0.762298 0.107783 0.638188 0.390625 0.531250
0.150807 0.980785 0.123764 0.144269 0.982653 0.116529 0.390625 0.937500
0.224393 -0.956940 0.184155 0.228490 -0.954880 0.189728 0.390625 0.093750
0.773010 0.000000 0.634393 0.768523 0.007017 0.639784 0.390625 0.500000
0.224393 0.956940 0.184155 0.217690 0.958953 0.181717 0.390625 0.906250
0.150807 -0.980785 0.123764 0.146569 -0.982128 0.118073 0.390625 0.062500
0.769288 -0.098017 0.631338 0.769339 -0.098015 0.631277 0.390625 0.468750
0.295818 0.923880 0.242772 0.302323 0.921169 0.245048 0.390625 0.875000
0.075768 -0.995185 0.062181 0.075772 -0.995185 0.062178 0.390625 0.031250
0.758157 -0.195090 0.622204 0.758257 -0.195091 0.622082 0.390625 0.437500
0.364394 0.881921 0.299051 0.367860 0.877238 0.308435 0.390625 0.843750
0.000000 -1.000000 0.000000 -0.000000 -1.000000 -0.000000 0.398438 0.000000
0.739725 -0.290285 0.607076 0.749572 -0.290252 0.594891 0.390625 0.406250
0.429462 0.831470 0.352450 0.435214 0.831437 0.345399 0.390625 0.812500
0.714168 -0.382683 0.586103 0.704487 -0.382642 0.597732 0.390625 0.375000
0.490393 0.773010 0.402455 0.490786 0.773011 0.401973 0.390625 0.781250
0.681734 -0.471397 0.559485 0.681974 -0.471397 0.559193 0.390625 0.343750
0.546601 0.707107 0.448584 0.539216 0.707061 0.457504 0.390625 0.750000
0.546601 -0.634393 0.546601 0.555506 -0.634344 0.537606 0.375000 0.281250
0.500000 -0.707107 0.500000 0.491778 -0.707061 0.508152 0.375000 0.250000
0.587938 0.555570 0.587938 0.588252 0.555571 0.587622 0.375000 0.687500
0.623612 0.471397 0.623612 0.623881 0.471395 0.623346 0.375000 0.656250
0.448584 -0.773010 0.448584 0.449022 -0.773010 0.448145 0.375000 0.218750
0.653281 0.382683 0.653281 0.642509 0.382643 0.663902 0.375000 0.625000
0.392848 -0.831470 0.392848 0.399263 -0.831437 0.386396 0.375000 0.187500
0.676659 0.290285 0.676659 0.676492 0.290289 0.676824 0.375000 0.593750
0.333328 -0.881921 0.333328 0.326387 -0.885203 0.331493 0.375000 0.156250
0.693520 0.195090 0.693520 0.704785 0.195066 0.682076 0.375000 0.562500
0.000000 1.000000 0.000000 -0.000000 1.000000 -0.000000 0.382812 1.000000
0.069309 0.995185 0.069309 0.075199 0.994173 0.077241 0.375000 0.968750
0.270598 -0.923880 0.270598 0.266504 -0.927591 0.261820 0.375000 0.125000
0.703702 0.098017 0.703702 0.703758 0.098019 0.703646 0.375000 0.531250
0.137950 0.980785 0.137950 0.140211 0.980780 0.135690 0.375000 0.937500
0.205262 -0.956940 0.205262 0.201895 -0.956931 0.208619 0.375000 0.093750
0.707107 0.000000 0.707107 0.695433 0.000000 0.718591 0.375000 0.500000
0.205262 0.956940 0.205262 0.201895 0.956931 0.208619 0.375000 0.906250
0.137950 -0.980785 0.137950 0.146447 -0.978818 0.143069 0.375000 0.062500
0.703702 -0.098017 0.703702 0.703758 -0.098019 0.703646 0.375000 0.468750
0.270598 0.923880 0.270598 0.266504 0.927591 0.261820 0.375000 0.875000
0.069309 -0.995185 0.069309 0.080822 -0.993446 0.080822 0.375000 0.031250
0.693520 -0.195090 0.693520 0.693630 -0.195090 0.693410 0.375000 0.437500
0.333328 0.881921 0.333328 0.326387 0.885203 0.331493 0.375000 0.843750
0.000000 -1.000000 0.000000 -0.000000 -1.000000 -0.000000 0.382812 0.000000
0.676659 -0.290285 0.676659 0.687654 -0.290254 0.665496 0.375000 0.406250
0.392848 0.831470 0.392848 0.399263 0.831437 0.386396 0.375000 0.812500
0.653281 -0.382683 0.653281 0.642509 -0.382643 0.663902 0.375000 0.375000
0.448584 0.773010 0.448584 0.449022 0.773010 0.448145 0.375000 0.781250
0.623612 -0.471397 0.623612 0.623881 -0.471395 0.623346 0.375000 0.343750
0.500000 0.707107 0.500000 0.491778 0.707061 0.508152 0.375000 0.750000
0.587938 -0.555570 0.587938 0.588252 -0.555571 0.587622 0.375000 0.312500
0.546601 0.634393 0.546601 0.555506 0.634344 0.537606 0.375000 0.718750
0.352450 -0.831470 0.429462 0.359465 -0.831436 0.423673 0.359375 0.187500
0.607076 0.290285 0.739725 0.612370 0.299662 0.731577 0.359375 0.593750
0.299051 -0.881921 0.364395 0.293073 -0.881896 0.369280 0.359375 0.156250
0.622203 0.195090 0.758157 0.626675 0.201964 0.752654 0.359375 0.562500
0.000000 1.000000 0.000000 -0.000000 1.000000 -0.000000 0.367188 1.000000
0.062181 0.995185 0.075768 0.067263 0.994173 0.084242 0.359375 0.968750
0.242772 -0.923880 0.295818 0.247610 -0.923863 0.291834 0.359375 0.125000
0.631338 0.098017 0.769288 0.631398 0.098019 0.769239 0.359375 0.531250
0.123764 0.980785 0.150807 0.126232 0.980780 0.148783 0.359375 0.937500
0.184155 -0.956940 0.224393 0.180477 -0.956931 0.227401 0.359375 0.093750
0.634393 0.000000 0.773010 0.621653 0.000000 0.783293 0.359375 0.500000
0.184155 0.956940 0.224393 0.180477 0.956931 0.227401 0.359375 0.906250
0.123764 -0.980785 0.150807 0.126232 -0.980780 0.148783 0.359375 0.062500
0.631338 -0.098017 0.769288 0.631398 -0.098019 0.769239 0.359375 0.468750
0.242772 0.923880 0.295818 0.248708 0.921169 0.299318 0.359375 0.875000
0.062181 -0.995185 0.075768 0.067263 -0.994173 0.084242 0.359375 0.031250
0.622203 -0.195090 0.758157 0.630879 -0.185436 0.753396 0.359375 0.437500
0.299051 0.881921 0.364395 0.300617 0.877238 0.374277 0.359375 0.843750
0.000000 -1.000000 0.000000 -0.000000 -1.000000 -0.000000 0.367188 0.000000
0.607076 -0.290285 0.739725 0.613454 -0.283558 0.737068 0.359375 0.406250
0.352450 0.831470 0.429462 0.359465 0.831436 0.423673 0.359375 0.812500
0.586103 -0.382683 0.714168 0.574345 -0.382641 0.723681 0.359375 0.375000
0.402455 0.773010 0.490393 0.402934 0.773011 0.489998 0.359375 0.781250
0.559485 -0.471397 0.681734 0.559780 -0.471396 0.681492 0.359375 0.343750
0.448584 0.707107 0.546601 0.439602 0.707062 0.553908 0.359375 0.750000
0.527479 -0.555570 0.642735 0.527824 -0.555571 0.642450 0.359375 0.312500
0.490393 0.634393 0.597545 0.500138 0.634344 0.589465 0.359375 0.718750
0.490393 -0.634393 0.597545 0.500138 -0.634344 0.589465 0.359375 0.281250
0.527479 0.555570 0.642735 0.527824 0.555571 0.642450 0.359375 0.687500
0.448584 -0.707107 0.546601 0.439602 -0.707062 0.553908 0.359375 0.250000
0.559485 0.471397 0.681734 0.559780 0.471396 0.681492 0.359375 0.656250
0.402455 -0.773010 0.490393 0.402934 -0.773011 0.489998 0.359375 0.218750
0.586103 0.382683 0.714168 0.574345 0.382641 0.723681 0.359375 0.625000
0.000000 1.000000 0.000000 -0.000000 1.000000 -0.000000 0.351562 1.000000
0.054455 0.995185 0.081498 0.058686 0.994172 0.090427 0.343750 0.968750
0.212607 -0.923880 0.318190 0.217814 -0.923862 0.314699 0.343750 0.125000
0.544895 0.195090 0.815493 0.553999 0.185438 0.811602 0.343750 0.562500
0.552895 0.098017 0.827466 0.552961 0.098019 0.827421 0.343750 0.531250
0.108386 0.980785 0.162212 0.111042 0.980780 0.160438 0.343750 0.937500
0.161274 -0.956940 0.241363 0.157315 -0.956931 0.243997 0.343750 0.093750
0.555570 0.000000 0.831470 0.541881 -0.000000 0.840455 0.343750 0.500000
0.161274 0.956940 0.241363 0.154050 0.959745 0.234859 0.343750 0.906250
0.108386 -0.980785 0.162212 0.111042 -0.980780 0.160438 0.343750 0.062500
0.552895 -0.098017 0.827466 0.552961 -0.098019 0.827421 0.343750 0.468750
0.212607 0.923880 0.318190 0.204173 0.930023 0.305565 0.343750 0.875000
0.054455 -0.995185 0.081498 0.058686 -0.994172 0.090427 0.343750 0.031250
0.544895 -0.195090 0.815493 0.558179 -0.195066 0.806465 0.343750 0.437500
0.261894 0.881921 0.391952 0.255444 0.885202 0.388800 0.343750 0.843750
0.000000 -1.000000 0.000000 -0.000000 -1.000000 -0.000000 0.351562 0.000000
0.531647 -0.290285 0.795667 0.531454 -0.290286 0.795796 0.343750 0.406250
0.308658 0.831470 0.461940 0.316206 0.831437 0.456866 0.343750 0.812500
0.513280 -0.382683 0.768178 0.500644 -0.382640 0.776493 0.343750 0.375000
0.352450 0.773010 0.527479 0.352964 0.773011 0.527134 0.343750 0.781250
0.489969 -0.471397 0.733291 0.490285 -0.471398 0.733079 0.343750 0.343750
0.392847 0.707107 0.587938 0.383190 0.707062 0.594330 0.343750 0.750000
0.461940 -0.555570 0.691342 0.462309 -0.555572 0.691093 0.343750 0.312500
0.429462 0.634393 0.642735 0.436246 0.628947 0.643518 0.343750 0.718750
0.429462 -0.634393 0.642735 0.439950 -0.634345 0.635650 0.343750 0.281250
0.461940 0.555570 0.691342 0.471948 0.547356 0.691134 0.343750 0.687500
0.392847 -0.707107 0.587938 0.383190 -0.707062 0.594330 0.343750 0.250000
0.489969 0.471397 0.733291 0.490285 0.471398 0.733079 0.343750 0.656250
0.352450 -0.773010 0.527479 0.352964 -0.773011 0.527134 0.343750 0.218750
0.513280 0.382683 0.768178 0.500644 0.382640 0.776493 0.343750 0.625000
0.308658 -0.831470 0.461940 0.316206 -0.831437 0.456866 0.343750 0.187500
0.531647 0.290285 0.795667 0.538256 0.283556 0.793648 0.343750 0.593750
0.261894 -0.881921 0.391952 0.255467 -0.881896 0.396228 0.343750 0.156250
0.364395 0.634393 0.681734 0.363940 0.634397 0.681974 0.328125 0.718750
0.364395 -0.634393 0.681734 0.375524 -0.634345 0.675713 0.328125 0.281250
0.391952 0.555570 0.733291 0.403921 0.555522 0.726804 0.328125 0.687500
0.333328 -0.707107 0.623612 0.323092 -0.707061 0.629028 0.328125 0.250000
0.415735 0.471397 0.777785 0.416068 0.471398 0.777606 0.328125 0.656250
0.299051 -0.773010 0.559485 0.299598 -0.773011 0.559191 0.328125 0.218750
0.435514 0.382683 0.814789 0.422120 0.382639 0.821828 0.328125 0.625000
0.261894 -0.831470 0.489969 0.269906 -0.831436 0.485658 0.328125 0.187500
0.451098 0.290285 0.843946 0.450891 0.290285 0.844057 0.328125 0.593750
0.222215 -0.881921 0.415735 0.215401 -0.881896 0.419360 0.328125 0.156250
0.462339 0.195090 0.864975 0.476440 0.195066 0.857295 0.328125 0.562500
0.000000 1.000000 0.000000 -0.000000 1.000000 -0.000000 0.335937 1.000000
0.046205 0.995185 0.086443 0.049542 0.994172 0.095743 0.328125 0.968750
0.180396 -0.923880 0.337497 0.179981 -0.926540 0.330350 0.328125 0.125000
0.469127 0.098017 0.877674 0.469196 0.098020 0.877637 0.328125 0.531250
0.091965 0.980785 0.172054 0.094782 0.980780 0.170549 0.328125 0.937500
0.136839 -0.956940 0.256008 0.130289 -0.959745 0.248826 0.328125 0.093750
0.471397 0.000000 0.881921 0.456893 0.000000 0.889522 0.328125 0.500000
0.136839 0.956940 0.256008 0.138492 0.954880 0.262725 0.328125 0.906250
0.091965 -0.980785 0.172054 0.094782 -0.980780 0.170549 0.328125 0.062500
0.469127 -0.098017 0.877674 0.469196 -0.098020 0.877637 0.328125 0.468750
0.180396 0.923880 0.337497 0.188372 0.920068 0.343499 0.328125 0.875000
0.046205 -0.995185 0.086443 0.049542 -0.994172 0.095743 0.328125 0.031250
0.462339 -0.195090 0.864975 0.476440 -0.195066 0.857295 0.328125 0.437500
0.222215 0.881921 0.415735 0.215401 0.881896 0.419360 0.328125 0.843750
0.000000 -1.000000 0.000000 -0.000000 -1.000000 -0.000000 0.335937 0.000000
0.451098 -0.290285 0.843946 0.450891 -0.290285 0.844057 0.328125 0.406250
0.261894 0.831470 0.489969 0.269906 0.831436 0.485658 0.328125 0.812500
0.435514 -0.382683 0.814789 0.422120 -0.382639 0.821828 0.328125 0.375000
0.299051 0.773010 0.559485 0.299598 0.773011 0.559191 0.328125 0.781250
0.415735 -0.471397 0.777785 0.416068 -0.471398 0.777606 0.328125 0.343750
0.333328 0.707107 0.623612 0.323092 0.707061 0.629028 0.328125 0.750000
0.391952 -0.555570 0.733291 0.392343 -0.555575 0.733078 0.328125 0.312500
0.318190 0.555570 0.768178 0.330737 0.555524 0.762893 0.312500 0.687500
0.337497 0.471397 0.814789 0.337845 0.471396 0.814645 0.312500 0.656250
0.242772 -0.773010 0.586103 0.243345 -0.773010 0.585866 0.312500 0.218750
0.353553 0.382683 0.853553 0.339536 0.382640 0.859245 0.312500 0.625000
0.212608 -0.831470 0.513280 0.221006 -0.831436 0.509775 0.312500 0.187500
0.366205 0.290285 0.884097 0.365991 0.290286 0.884186 0.312500 0.593750
0.180396 -0.881921 0.435514 0.179025 -0.877239 0.445424 0.312500 0.156250
0.375330 0.195090 0.906127 0.390120 0.195068 0.899864 0.312500 0.562500
0.000000 1.000000 0.000000 -0.000000 1.000000 -0.000000 0.320312 1.000000
0.037510 0.995185 0.090556 0.039920 0.994172 0.100137 0.312500 0.968750
0.146447 -0.923880 0.353553 0.152213 -0.917490 0.367483 0.312500 0.125000
0.380841 0.098017 0.919431 0.380914 0.098017 0.919401 0.312500 0.531250
0.074658 0.980785 0.180240 0.077613 0.980780 0.179017 0.312500 0.937500
0.111087 -0.956940 0.268188 0.112075 -0.954880 0.275034 0.312500 0.093750
0.382683 0.000000 0.923879 0.367502 0.000000 0.930023 0.312500 0.500000
0.111087 0.956940 0.268188 0.106693 0.956931 0.270000 0.312500 0.906250
0.074658 -0.980785 0.180240 0.073603 -0.982128 0.173224 0.312500 0.062500
0.380841 -0.098017 0.919431 0.380914 -0.098017 0.919401 0.312500 0.468750
0.146447 0.923880 0.353553 0.151108 0.921169 0.358627 0.312500 0.875000
0.037510 -0.995185 0.090556 0.037514 -0.995185 0.090555 0.312500 0.031250
0.375330 -0.195090 0.906127 0.390120 -0.195068 0.899864 0.312500 0.437500
0.180396 0.881921 0.435514 0.179025 0.877239 0.445424 0.312500 0.843750
0.000000 -1.000000 0.000000 -0.000000 -1.000000 -0.000000 0.320312 0.000000
0.366205 -0.290285 0.884097 0.365991 -0.290286 0.884186 0.312500 0.406250
0.212608 0.831470 0.513280 0.218173 0.827545 0.517272 0.312500 0.812500
0.353553 -0.382683 0.853553 0.339536 -0.382640 0.859245 0.312500 0.375000
0.242772 0.773010 0.586103 0.251762 0.766724 0.590551 0.312500 0.781250
0.337497 -0.471397 0.814789 0.337845 -0.471396 0.814645 0.312500 0.343750
0.270598 0.707107 0.653281 0.259883 0.707061 0.657666 0.312500 0.750000
0.318190 -0.555570 0.768178 0.328045 -0.547360 0.769924 0.312500 0.312500
0.295818 0.634393 0.714168 0.295347 0.634396 0.714361 0.312500 0.718750
0.295818 -0.634393 0.714168 0.302320 -0.628947 0.716259 0.312500 0.281250
0.270598 -0.707107 0.653281 0.259883 -0.707061 0.657666 0.312500 0.250000
0.277785 0.290285 0.915735 0.277564 0.290289 0.915800 0.296875 0.593750
0.161274 -0.831470 0.531648 0.169969 -0.831436 0.528984 0.296875 0.187500
0.136839 -0.881921 0.451098 0.131580 -0.885203 0.446209 0.296875 0.156250
0.284707 0.195090 0.938553 0.300040 0.195065 0.933769 0.296875 0.562500
0.000000 1.000000 0.000000 -0.000000 1.000000 -0.000000 0.304688 1.000000
0.028453 0.995185 0.093797 0.029909 0.994172 0.103569 0.296875 0.968750
0.111087 -0.923880 0.366205 0.106680 -0.930023 0.351677 0.296875 0.125000
0.288887 0.098017 0.952332 0.288960 0.098013 0.952311 0.296875 0.531250
0.056632 0.980785 0.186690 0.059691 0.980780 0.185763 0.296875 0.937500
0.084265 -0.956940 0.277785 0.079244 -0.959744 0.269464 0.296875 0.093750
0.290284 0.000000 0.956940 0.274578 -0.000000 0.961565 0.296875 0.500000
0.084265 0.956940 0.277785 0.079715 0.956931 0.279158 0.296875 0.906250
0.056632 -0.980785 0.186690 0.061714 -0.978818 0.195209 0.296875 0.062500
0.288887 -0.098017 0.952332 0.288960 -0.098013 0.952311 0.296875 0.468750
0.111087 0.923880 0.366205 0.110376 0.923880 0.366419 0.296875 0.875000
0.028453 -0.995185 0.093797 0.033180 -0.993446 0.109379 0.296875 0.031250
0.284707 -0.195090 0.938553 0.300040 -0.195065 0.933769 0.296875 0.437500
0.136839 0.881921 0.451098 0.136158 0.881923 0.451302 0.296875 0.843750
0.000000 -1.000000 0.000000 -0.000000 -1.000000 -0.000000 0.304688 0.000000
0.277785 -0.290285 0.915735 0.277564 -0.290289 0.915800 0.296875 0.406250
0.161274 0.831470 0.531648 0.160632 0.831471 0.531840 0.296875 0.812500
0.268188 -0.382683 0.884097 0.253681 -0.382643 0.888387 0.296875 0.375000
0.184155 0.773010 0.607076 0.194088 0.772969 0.604028 0.296875 0.781250
0.256008 -0.471397 0.843946 0.256368 -0.471395 0.843838 0.296875 0.343750
0.205262 0.707107 0.676659 0.194171 0.707062 0.679971 0.296875 0.750000
0.241363 -0.555570 0.795667 0.254368 -0.555522 0.791639 0.296875 0.312500
0.224393 0.634393 0.739725 0.223906 0.634395 0.739871 0.296875 0.718750
0.224393 -0.634393 0.739725 0.223906 -0.634395 0.739871 0.296875 0.281250
0.241363 0.555570 0.795667 0.254368 0.555522 0.791639 0.296875 0.687500
0.205262 -0.707107 0.676659 0.194171 -0.707062 0.679971 0.296875 0.250000
0.256008 0.471397 0.843946 0.251188 0.465186 0.848826 0.296875 0.656250
0.184155 -0.773010 0.607076 0.184749 -0.773011 0.606896 0.296875 0.218750
0.268188 0.382683 0.884097 0.260392 0.373576 0.890302 0.296875 0.625000
0.191342 0.195090 0.961940 0.207065 0.195063 0.958684 0.281250 0.562500
0.194151 0.098017 0.976062 0.194226 0.098015 0.976048 0.281250 0.531250
0.038060 0.980785 0.191342 0.040413 0.979391 0.197889 0.281250 0.937500
0.056632 -0.956940 0.284707 0.057386 -0.956941 0.284552 0.281250 0.093750
0.195090 0.000000 0.980785 0.179007 0.000000 0.983848 0.281250 0.500000
0.056632 0.956940 0.284707 0.056633 0.956942 0.284702 0.281250 0.906250
0.038060 -0.980785 0.191342 0.041193 -0.980780 0.190720 0.281250 0.062500
0.194151 -0.098017 0.976062 0.194226 -0.098015 0.976048 0.281250 0.468750
0.074658 0.923880 0.375330 0.070446 0.926540 0.369543 0.281250 0.875000
0.019122 -0.995185 0.096134 0.019610 -0.994172 0.106002 0.281250 0.031250
0.191342 -0.195090 0.961940 0.207065 -0.195063 0.958684 0.281250 0.437500
0.091965 0.881921 0.462339 0.091272 0.881922 0.462475 0.281250 0.843750
0.000000 -1.000000 0.000000 -0.000000 -1.000000 -0.000000 0.289062 0.000000
0.186690 -0.290285 0.938553 0.186458 -0.290290 0.938597 0.281250 0.406250
0.108386 0.831470 0.544895 0.111744 0.836880 0.535859 0.281250 0.812500
0.180240 -0.382683 0.906127 0.171872 -0.373576 0.911538 0.281250 0.375000
0.123764 0.773010 0.622204 0.127328 0.777435 0.615940 0.281250 0.781250
0.172054 -0.471397 0.864975 0.166780 -0.465187 0.869360 0.281250 0.343750
0.137950 0.707107 0.693520 0.126583 0.707061 0.695731 0.281250 0.750000
0.162212 -0.555570 0.815493 0.175548 -0.555521 0.812760 0.281250 0.312500
0.150807 0.634393 0.758157 0.150307 0.634394 0.758256 0.281250 0.718750
0.150807 -0.634393 0.758157 0.150307 -0.634394 0.758256 0.281250 0.281250
0.162212 0.555570 0.815493 0.175548 0.555521 0.812760 0.281250 0.687500
0.137950 -0.707107 0.693520 0.126583 -0.707061 0.695731 0.281250 0.250000
0.172054 0.471397 0.864975 0.157871 0.471348 0.867703 0.281250 0.656250
0.123764 -0.773010 0.622204 0.124373 -0.773012 0.622080 0.281250 0.218750
0.180240 0.382683 0.906127 0.179936 0.382686 0.906187 0.281250 0.625000
0.108386 -0.831470 0.544895 0.117304 -0.831437 0.543095 0.281250 0.187500
0.186690 0.290285 0.938553 0.186458 0.290290 0.938597 0.281250 0.593750
0.091965 -0.881921 0.462339 0.088693 -0.877237 0.471792 0.281250 0.156250
0.000000 1.000000 0.000000 -0.000000 1.000000 -0.000000 0.289062 1.000000
0.019122 0.995185 0.096134 0.019610 0.994172 0.106002 0.281250 0.968750
0.074658 -0.923880 0.375330 0.073602 -0.921169 0.382139 0.281250 0.125000
0.097545 -0.098017 0.990392 0.097624 -0.098020 0.990385 0.265625 0.468750
0.028453 0.956940 0.288887 0.028452 0.956942 0.288882 0.265625 0.906250
0.037510 0.923880 0.380841 0.037509 0.923880 0.380838 0.265625 0.875000
0.019122 -0.980785 0.194151 0.020144 -0.982128 0.187131 0.265625 0.062500
0.009607 -0.995185 0.097545 0.009606 -0.995185 0.097546 0.265625 0.031250
0.096134 -0.195090 0.976062 0.112100 -0.195064 0.974363 0.265625 0.437500
0.046205 0.881921 0.469127 0.042004 0.885203 0.463305 0.265625 0.843750
0.000000 -1.000000 0.000000 -0.000000 -1.000000 -0.000000 0.273438 0.000000
0.093796 -0.290285 0.952332 0.093563 -0.290288 0.952354 0.265625 0.406250
0.054455 0.831470 0.552895 0.058623 0.827544 0.558331 0.265625 0.812500
0.090556 -0.382683 0.919430 0.083705 -0.389151 0.917363 0.265625 0.375000
0.062181 0.773010 0.631338 0.069492 0.766725 0.638203 0.265625 0.781250
0.086443 -0.471397 0.877674 0.077587 -0.480020 0.873820 0.265625 0.343750
0.069308 0.707107 0.703702 0.057781 0.707062 0.704787 0.265625 0.750000
0.081498 -0.555570 0.827466 0.095041 -0.555521 0.826053 0.265625 0.312500
0.075768 0.634393 0.769288 0.075261 0.634395 0.769337 0.265625 0.718750
0.075768 -0.634393 0.769288 0.075261 -0.634395 0.769337 0.265625 0.281250
0.081498 0.555570 0.827466 0.095041 0.555521 0.826053 0.265625 0.687500
0.069308 -0.707107 0.703702 0.057781 -0.707062 0.704787 0.265625 0.250000
0.086443 0.471397 0.877674 0.072065 0.471346 0.878999 0.265625 0.656250
0.062181 -0.773010 0.631338 0.062798 -0.773011 0.631277 0.265625 0.218750
0.090556 0.382683 0.919430 0.090250 0.382686 0.919460 0.265625 0.625000
0.054455 -0.831470 0.552895 0.063508 -0.831436 0.551979 0.265625 0.187500
0.093796 0.290285 0.952332 0.093563 0.290288 0.952354 0.265625 0.593750
0.046205 -0.881921 0.469127 0.042004 -0.885203 0.463305 0.265625 0.156250
0.096134 0.195090 0.976062 0.112100 0.195064 0.974363 0.265625 0.562500
0.000000 1.000000 0.000000 -0.000000 1.000000 -0.000000 0.273438 1.000000
0.009607 0.995185 0.097545 0.009127 0.994172 0.107414 0.265625 0.968750
0.037510 -0.923880 0.380841 0.037509 -0.923880 0.380838 0.265625 0.125000
0.097545 0.098017 0.990392 0.097624 0.098020 0.990385 0.265625 0.531250
0.019122 0.980785 0.194151 0.019610 0.982653 0.184413 0.265625 0.937500
0.028453 -0.956940 0.288887 0.027411 -0.954880 0.295725 0.265625 0.093750
0.098017 0.000000 0.995185 0.081710 0.000000 0.996656 0.265625 0.500000
-0.000000 -0.195090 0.980785 0.016059 -0.195064 0.980659 0.250000 0.437500
-0.000000 -0.290285 0.956940 -0.006816 -0.296990 0.954856 0.250000 0.406250
0.000000 0.831470 0.555571 -0.000669 0.831470 0.555570 0.250000 0.812500
-0.000000 -0.382683 0.923879 -0.008893 -0.391727 0.920039 0.250000 0.375000
0.000000 0.773010 0.634393 0.010390 0.772970 0.634358 0.250000 0.781250
-0.000000 -0.471397 0.881921 0.000379 -0.471395 0.881922 0.250000 0.343750
-0.000000 0.707107 0.707107 -0.011578 0.707062 0.707057 0.250000 0.750000
0.000000 -0.555570 0.831470 0.013615 -0.555522 0.831390 0.250000 0.312500
0.000000 0.634393 0.773010 -0.000510 0.634395 0.773009 0.250000 0.718750
0.000000 -0.634393 0.773010 -0.000510 -0.634395 0.773009 0.250000 0.281250
0.000000 0.555570 0.831470 0.013615 0.555522 0.831390 0.250000 0.687500
-0.000000 -0.707107 0.707107 -0.011578 -0.707062 0.707057 0.250000 0.250000
-0.000000 0.471397 0.881921 -0.008438 0.480020 0.877217 0.250000 0.656250
0.000000 -0.773010 0.634393 0.000620 -0.773011 0.634392 0.250000 0.218750
-0.000000 0.382683 0.923879 0.000000 0.397759 0.917490 0.250000 0.625000
0.000000 -0.831470 0.555571 0.009098 -0.831435 0.555547 0.250000 0.187500
-0.000000 0.290285 0.956940 -0.006816 0.296990 0.954856 0.250000 0.593750
-0.000000 -0.881921 0.471397 -0.007721 -0.881897 0.471379 0.250000 0.156250
-0.000000 0.195090 0.980785 0.016059 0.195064 0.980659 0.250000 0.562500
0.000000 1.000000 0.000000 -0.000000 1.000000 -0.000000 0.257812 1.000000
-0.000000 0.995185 0.098017 -0.001443 0.994172 0.107792 0.250000 0.968750
-0.000000 -0.923880 0.382683 0.006264 -0.923862 0.382674 0.250000 0.125000
-0.000000 0.098017 0.995184 0.000078 0.098020 0.995184 0.250000 0.531250
0.000000 0.980785 0.195090 0.003195 0.980780 0.195091 0.250000 0.937500
-0.000000 -0.956940 0.290285 -0.004753 -0.956931 0.290277 0.250000 0.093750
-0.000000 0.000000 1.000000 -0.016377 -0.000000 0.999866 0.250000 0.500000
-0.000000 0.956940 0.290285 -0.004753 0.956931 0.290277 0.250000 0.906250
0.000000 -0.980785 0.195090 0.002390 -0.978818 0.204717 0.250000 0.062500
-0.000000 -0.098017 0.995184 0.000078 -0.098020 0.995184 0.250000 0.468750
-0.000000 0.923880 0.382683 0.002365 0.921169 0.389155 0.250000 0.875000
-0.000000 -0.995185 0.098017 0.000000 -0.993446 0.114301 0.250000 0.031250
-0.000000 0.881921 0.471397 -0.005058 0.877239 0.480028 0.250000 0.843750
0.000000 -1.000000 0.000000 -0.000000 -1.000000 -0.000000 0.257812 0.000000
-0.086443 -0.471397 0.877674 -0.086068 -0.471395 0.877712 0.234375 0.343750
-0.062181 0.773010 0.631338 -0.056951 0.777436 0.626379 0.234375 0.781250
-0.069309 0.707107 0.703702 -0.080825 0.707062 0.702517 0.234375 0.750000
-0.081498 -0.555570 0.827466 -0.075117 -0.561384 0.824139 0.234375 0.312500
-0.075768 0.634393 0.769288 -0.067897 0.641940 0.763743 0.234375 0.718750
-0.075768 -0.634393 0.769288 -0.067897 -0.641940 0.763743 0.234375 0.281250
-0.081498 0.555570 0.827466 -0.075117 0.561384 0.824139 0.234375 0.687500
-0.069309 -0.707107 0.703702 -0.080825 -0.707062 0.702517 0.234375 0.250000
-0.086443 0.471397 0.877674 -0.086068 0.471395 0.877712 0.234375 0.656250
-0.062181 -0.773010 0.631338 -0.061561 -0.773013 0.631397 0.234375 0.218750
-0.090556 0.382683 0.919430 -0.097135 0.376186 0.921438 0.234375 0.625000
-0.054455 -0.831470 0.552895 -0.045403 -0.831435 0.553764 0.234375 0.187500
-0.093797 0.290285 0.952332 -0.103560 0.280859 0.954145 0.234375 0.593750
-0.046205 -0.881921 0.469127 -0.052085 -0.877238 0.477222 0.234375 0.156250
-0.096134 0.195090 0.976062 -0.080138 0.195064 0.977511 0.234375 0.562500
0.000000 1.000000 0.000000 -0.000000 1.000000 -0.000000 0.242187 1.000000
-0.009607 0.995185 0.097545 -0.012000 0.994172 0.107131 0.234375 0.968750
-0.037510 -0.923880 0.380840 -0.037510 -0.923881 0.380838 0.234375 0.125000
-0.097545 0.098017 0.990392 -0.097466 0.098017 0.990400 0.234375 0.531250
-0.019122 0.980785 0.194151 -0.015941 0.980780 0.194465 0.234375 0.937500
-0.028453 -0.956940 0.288887 -0.029909 -0.959744 0.279278 0.234375 0.093750
-0.098017 0.000000 0.995184 -0.114299 0.000000 0.993446 0.234375 0.500000
-0.028453 0.956940 0.288887 -0.033183 0.956931 0.288414 0.234375 0.906250
-0.019122 -0.980785 0.194151 -0.016746 -0.982128 0.187465 0.234375 0.062500
-0.097545 -0.098017 0.990392 -0.097466 -0.098017 0.990400 0.234375 0.468750
-0.037510 0.923880 0.380840 -0.038249 0.923880 0.380765 0.234375 0.875000
-0.009607 -0.995185 0.097545 -0.009606 -0.995185 0.097546 0.234375 0.031250
-0.096134 -0.195090 0.976062 -0.080138 -0.195064 0.977511 0.234375 0.437500
-0.046205 0.881921 0.469127 -0.046912 0.881922 0.469054 0.234375 0.843750
0.000000 -1.000000 0.000000 -0.000000 -1.000000 -0.000000 0.242187 0.000000
-0.093797 -0.290285 0.952332 -0.103560 -0.280859 0.954145 0.234375 0.406250
-0.054455 0.831470 0.552895 -0.048622 0.836878 0.545225 0.234375 0.812500
-0.090556 -0.382683 0.919430 -0.097135 -0.376186 0.921438 0.234375 0.375000
-0.150807 -0.634393 0.758157 -0.146562 -0.628945 0.763510 0.218750 0.281250
-0.150807 0.634393 0.758157 -0.146562 0.628945 0.763510 0.218750 0.718750
-0.162212 0.555570 0.815493 -0.154988 0.547357 0.822423 0.218750 0.687500
-0.137950 -0.707107 0.693520 -0.149298 -0.707061 0.691212 0.218750 0.250000
-0.172054 0.471397 0.864975 -0.178601 0.465187 0.867008 0.218750 0.656250
-0.123764 -0.773010 0.622204 -0.123153 -0.773012 0.622323 0.218750 0.218750
-0.180240 0.382683 0.906127 -0.180239 0.382687 0.906126 0.218750 0.625000
-0.108386 -0.831470 0.544895 -0.099456 -0.831436 0.546646 0.218750 0.187500
-0.186690 0.290285 0.938553 -0.192966 0.296992 0.935179 0.218750 0.593750
-0.091965 -0.881921 0.462339 -0.092660 -0.881923 0.462197 0.218750 0.156250
-0.191342 0.195090 0.961940 -0.175564 0.195063 0.964949 0.218750 0.562500
0.000000 1.000000 0.000000 -0.000000 1.000000 -0.000000 0.226562 1.000000
-0.019122 0.995185 0.096134 -0.022442 0.994172 0.105439 0.218750 0.968750
-0.074658 -0.923880 0.375330 -0.080549 -0.920067 0.383390 0.218750 0.125000
-0.194151 0.098017 0.976062 -0.194073 0.098015 0.976078 0.218750 0.531250
-0.038060 0.980785 0.191342 -0.038390 0.979391 0.198291 0.218750 0.937500
-0.056632 -0.956940 0.284707 -0.059614 -0.954880 0.290949 0.218750 0.093750
-0.195090 0.000000 0.980785 -0.211121 -0.000000 0.977460 0.218750 0.500000
-0.056632 0.956940 0.284707 -0.061713 0.954038 0.293261 0.218750 0.906250
-0.038060 -0.980785 0.191342 -0.037593 -0.978818 0.201251 0.218750 0.062500
-0.194151 -0.098017 0.976062 -0.194073 -0.098015 0.976078 0.218750 0.468750
-0.074658 0.923880 0.375330 -0.075386 0.923880 0.375184 0.218750 0.875000
-0.019122 -0.995185 0.096134 -0.022296 -0.993446 0.112105 0.218750 0.031250
-0.191342 -0.195090 0.961940 -0.175564 -0.195063 0.964949 0.218750 0.437500
-0.091965 0.881921 0.462339 -0.092660 0.881923 0.462197 0.218750 0.843750
0.000000 -1.000000 0.000000 -0.000000 -1.000000 -0.000000 0.226562 0.000000
-0.186690 -0.290285 0.938553 -0.192966 -0.296992 0.935179 0.218750 0.406250
-0.108386 0.831470 0.544895 -0.105976 0.827545 0.551306 0.218750 0.812500
-0.180240 -0.382683 0.906127 -0.188210 -0.391728 0.900625 0.218750 0.375000
-0.123764 0.773010 0.622204 -0.118757 0.766727 0.630894 0.218750 0.781250
-0.172054 -0.471397 0.864975 -0.171680 -0.471397 0.865050 0.218750 0.343750
-0.137950 0.707107 0.693520 -0.149298 0.707061 0.691212 0.218750 0.750000
-0.162212 -0.555570 0.815493 -0.154988 -0.547357 0.822423 0.218750 0.312500
-0.184155 -0.773010 0.607076 -0.180027 -0.766724 0.616218 0.203125 0.218750
-0.268188 0.382683 0.884097 -0.253681 0.382643 0.888387 0.203125 0.625000
-0.161274 -0.831470 0.531648 -0.159505 -0.827546 0.538262 0.203125 0.187500
-0.277785 0.290285 0.915735 -0.292747 0.290253 0.911072 0.203125 0.593750
-0.136839 -0.881921 0.451098 -0.138494 -0.885203 0.444111 0.203125 0.156250
-0.284707 0.195090 0.938553 -0.269305 0.195063 0.943093 0.203125 0.562500
0.000000 1.000000 0.000000 -0.000000 1.000000 -0.000000 0.210938 1.000000
-0.028453 0.995185 0.093797 -0.032672 0.994172 0.102731 0.203125 0.968750
-0.111087 -0.923880 0.366205 -0.106680 -0.930023 0.351677 0.203125 0.125000
-0.288887 0.098017 0.952332 -0.288813 0.098017 0.952355 0.203125 0.531250
-0.056632 0.980785 0.186690 -0.057387 0.980784 0.186463 0.203125 0.937500
-0.084265 -0.956940 0.277785 -0.083819 -0.959744 0.268076 0.203125 0.093750
-0.290285 0.000000 0.956940 -0.305915 0.000000 0.952059 0.203125 0.500000
-0.084265 0.956940 0.277785 -0.085001 0.956941 0.277557 0.203125 0.906250
-0.056632 -0.980785 0.186690 -0.053575 -0.980780 0.187618 0.203125 0.062500
-0.288887 -0.098017 0.952332 -0.288813 -0.098017 0.952355 0.203125 0.468750
-0.111087 0.923880 0.366205 -0.105275 0.927591 0.358459 0.203125 0.875000
-0.028453 -0.995185 0.093797 -0.032672 -0.994172 0.102731 0.203125 0.031250
-0.284707 -0.195090 0.938553 -0.269305 -0.195063 0.943093 0.203125 0.437500
-0.136839 0.881921 0.451098 -0.138494 0.885203 0.444111 0.203125 0.843750
0.000000 -1.000000 0.000000 -0.000000 -1.000000 -0.000000 0.210938 0.000000
-0.277785 -0.290285 0.915735 -0.292747 -0.290253 0.911072 0.203125 0.406250
-0.161274 0.831470 0.531648 -0.161912 0.831471 0.531452 0.203125 0.812500
-0.268188 -0.382683 0.884097 -0.260392 -0.373576 0.890302 0.203125 0.375000
-0.184155 0.773010 0.607076 -0.174204 0.772969 0.610059 0.203125 0.781250
-0.256008 -0.471397 0.843946 -0.262724 -0.465186 0.845327 0.203125 0.343750
-0.205262 0.707107 0.676659 -0.216330 0.707062 0.673249 0.203125 0.750000
-0.241363 -0.555570 0.795667 -0.228309 -0.555521 0.799544 0.203125 0.312500
-0.224393 0.634393 0.739725 -0.224881 0.634395 0.739575 0.203125 0.718750
-0.224393 -0.634393 0.739725 -0.224881 -0.634395 0.739575 0.203125 0.281250
-0.241363 0.555570 0.795667 -0.228309 0.555521 0.799544 0.203125 0.687500
-0.205262 -0.707107 0.676659 -0.216330 -0.707062 0.673249 0.203125 0.250000
-0.256008 0.471397 0.843946 -0.269798 0.471346 0.839668 0.203125 0.656250
-0.212608 -0.831470 0.513280 -0.204793 -0.836879 0.507635 0.187500 0.187500
-0.180396 -0.881921 0.435514 -0.187518 -0.881897 0.432545 0.187500 0.156250
-0.375330 0.195090 0.906127 -0.360448 0.195065 0.912155 0.187500 0.562500
0.000000 1.000000 0.000000 -0.000000 1.000000 -0.000000 0.195312 1.000000
-0.037510 0.995185 0.090556 -0.042587 0.994172 0.099032 0.187500 0.968750
-0.146447 -0.923880 0.353553 -0.146025 -0.920068 0.363528 0.187500 0.125000
-0.380841 0.098017 0.919430 -0.380768 0.098019 0.919461 0.187500 0.531250
-0.074658 0.980785 0.180240 -0.075390 0.980785 0.179939 0.187500 0.937500
-0.111087 -0.956940 0.268188 -0.115231 -0.954880 0.273727 0.187500 0.093750
-0.382684 0.000000 0.923879 -0.397759 0.000000 0.917490 0.187500 0.500000
-0.111087 0.956940 0.268188 -0.111798 0.956941 0.267889 0.187500 0.906250
-0.074658 -0.980785 0.180240 -0.071709 -0.980780 0.181463 0.187500 0.062500
-0.380841 -0.098017 0.919430 -0.380768 -0.098019 0.919461 0.187500 0.468750
-0.146447 0.923880 0.353553 -0.140653 0.923862 0.355942 0.187500 0.875000
-0.037510 -0.995185 0.090556 -0.042587 -0.994172 0.099032 0.187500 0.031250
-0.375330 -0.195090 0.906127 -0.360448 -0.195065 0.912155 0.187500 0.437500
-0.180396 0.881921 0.435514 -0.187518 0.881897 0.432545 0.187500 0.843750
0.000000 -1.000000 0.000000 -0.000000 -1.000000 -0.000000 0.195312 0.000000
-0.366205 -0.290285 0.884097 -0.380635 -0.290250 0.877993 0.187500 0.406250
-0.212608 0.831470 0.513280 -0.204793 0.836879 0.507635 0.187500 0.812500
-0.353553 -0.382683 0.853553 -0.346397 -0.389149 0.853564 0.187500 0.375000
-0.242772 0.773010 0.586103 -0.236327 0.777434 0.582877 0.187500 0.781250
-0.337497 -0.471397 0.814789 -0.343491 -0.480021 0.807213 0.187500 0.343750
-0.270598 0.707107 0.653281 -0.281278 0.707060 0.648806 0.187500 0.750000
-0.318190 -0.555570 0.768178 -0.305582 -0.555524 0.773313 0.187500 0.312500
-0.295818 0.634393 0.714168 -0.296291 0.634397 0.713969 0.187500 0.718750
-0.295818 -0.634393 0.714168 -0.296291 -0.634397 0.713969 0.187500 0.281250
-0.318190 0.555570 0.768178 -0.305582 0.555524 0.773313 0.187500 0.687500
-0.270598 -0.707107 0.653281 -0.281278 -0.707060 0.648806 0.187500 0.250000
-0.337497 0.471397 0.814789 -0.350802 0.471347 0.809179 0.187500 0.656250
-0.242772 -0.773010 0.586103 -0.236327 -0.777434 0.582877 0.187500 0.218750
-0.353553 0.382683 0.853553 -0.339536 0.382640 0.859245 0.187500 0.625000
-0.366205 0.290285 0.884097 -0.380635 0.290250 0.877993 0.187500 0.593750
-0.091965 0.980785 0.172054 -0.092662 0.980785 0.171684 0.171875 0.937500
-0.180396 -0.923880 0.337496 -0.174867 -0.923863 0.340440 0.171875 0.125000
-0.136839 -0.956940 0.256008 -0.141027 -0.956931 0.253762 0.171875 0.093750
-0.469127 0.098017 0.877674 -0.469055 0.098020 0.877713 0.171875 0.531250
-0.471397 0.000000 0.881921 -0.485773 -0.000000 0.874085 0.171875 0.500000
-0.136839 0.956940 0.256008 -0.130290 0.959745 0.248827 0.171875 0.906250
-0.091965 -0.980785 0.172054 -0.089150 -0.980780 0.173561 0.171875 0.062500
-0.469127 -0.098017 0.877674 -0.469055 -0.098020 0.877713 0.171875 0.468750
-0.180396 0.923880 0.337496 -0.174684 0.926540 0.333181 0.171875 0.875000
-0.046205 -0.995185 0.086443 -0.052087 -0.994172 0.094382 0.171875 0.031250
-0.462339 -0.195090 0.864975 -0.448114 -0.195064 0.872435 0.171875 0.437500
-0.222215 0.881921 0.415735 -0.229017 0.881897 0.412079 0.171875 0.843750
0.000000 -1.000000 0.000000 -0.000000 -1.000000 -0.000000 0.179687 0.000000
-0.451099 -0.290285 0.843946 -0.464859 -0.290250 0.836457 0.171875 0.406250
-0.261894 0.831470 0.489970 -0.253860 0.831436 0.494236 0.171875 0.812500
-0.435514 -0.382683 0.814789 -0.429077 -0.373575 0.822396 0.171875 0.375000
-0.299051 0.773010 0.559485 -0.298504 0.773010 0.559778 0.171875 0.781250
-0.415735 -0.471397 0.777785 -0.422594 -0.465187 0.777827 0.171875 0.343750
-0.333328 0.707107 0.623612 -0.343513 0.707060 0.618114 0.171875 0.750000
-0.391952 -0.555570 0.733291 -0.384780 -0.561387 0.732659 0.171875 0.312500
-0.364394 0.634393 0.681734 -0.354998 0.641942 0.679622 0.171875 0.718750
-0.364394 -0.634393 0.681734 -0.354998 -0.641942 0.679622 0.171875 0.281250
-0.391952 0.555570 0.733291 -0.384780 0.561387 0.732659 0.171875 0.687500
-0.333328 -0.707107 0.623612 -0.343513 -0.707060 0.618114 0.171875 0.250000
-0.415735 0.471397 0.777785 -0.428430 0.471348 0.770895 0.171875 0.656250
-0.299051 -0.773010 0.559485 -0.298504 -0.773010 0.559778 0.171875 0.218750
-0.435514 0.382683 0.814789 -0.422122 0.382641 0.821827 0.171875 0.625000
-0.261894 -0.831470 0.489970 -0.253860 -0.831436 0.494236 0.171875 0.187500
-0.451099 0.290285 0.843946 -0.464859 0.290250 0.836457 0.171875 0.593750
-0.222215 -0.881921 0.415735 -0.229017 -0.881897 0.412079 0.171875 0.156250
-0.462339 0.195090 0.864975 -0.448114 0.195064 0.872435 0.171875 0.562500
0.000000 1.000000 0.000000 -0.000000 1.000000 -0.000000 0.179687 1.000000
-0.046205 0.995185 0.086443 -0.052087 0.994172 0.094382 0.171875 0.968750
-0.161274 0.956940 0.241363 -0.161269 0.956942 0.241361 0.156250 0.906250
-0.212607 0.923880 0.318189 -0.220983 0.917490 0.330725 0.156250 0.875000
-0.108386 -0.980785 0.162212 -0.108386 -0.980785 0.162214 0.156250 0.062500
-0.054455 -0.995185 0.081498 -0.054456 -0.995185 0.081498 0.156250 0.031250
-0.544895 -0.195090 0.815493 -0.531471 -0.195064 0.824311 0.156250 0.437500
-0.261894 0.881921 0.391952 -0.270896 0.877239 0.396318 0.156250 0.843750
0.000000 -1.000000 0.000000 -0.000000 -1.000000 -0.000000 0.164062 0.000000
-0.531648 -0.290285 0.795667 -0.544609 -0.290253 0.786864 0.156250 0.406250
-0.308658 0.831470 0.461940 -0.308887 0.827545 0.468783 0.156250 0.812500
-0.513280 -0.382683 0.768177 -0.506264 -0.389153 0.769582 0.156250 0.375000
-0.352450 0.773010 0.527479 -0.351149 0.766726 0.537426 0.156250 0.781250
-0.489969 -0.471397 0.733290 -0.494372 -0.480020 0.724691 0.156250 0.343750
-0.392848 0.707107 0.587938 -0.402446 0.707061 0.581465 0.156250 0.750000
-0.461940 -0.555570 0.691342 -0.457919 -0.547356 0.700508 0.156250 0.312500
-0.429461 0.634393 0.642735 -0.418900 0.634344 0.649715 0.156250 0.718750
-0.429461 -0.634393 0.642735 -0.427587 -0.628947 0.649304 0.156250 0.281250
-0.461940 0.555570 0.691342 -0.461569 0.555573 0.691587 0.156250 0.687500
-0.392848 -0.707107 0.587938 -0.402446 -0.707061 0.581465 0.156250 0.250000
-0.489969 0.471397 0.733290 -0.494372 0.480020 0.724691 0.156250 0.656250
-0.352450 -0.773010 0.527479 -0.351149 -0.766726 0.537426 0.156250 0.218750
-0.513280 0.382683 0.768177 -0.506264 0.389153 0.769582 0.156250 0.625000
-0.308658 -0.831470 0.461940 -0.308887 -0.827545 0.468783 0.156250 0.187500
-0.531648 0.290285 0.795667 -0.544609 0.290253 0.786864 0.156250 0.593750
-0.261894 -0.881921 0.391952 -0.268303 -0.881897 0.387649 0.156250 0.156250
-0.544895 0.195090 0.815493 -0.531471 0.195064 0.824311 0.156250 0.562500
0.000000 1.000000 0.000000 -0.000000 1.000000 -0.000000 0.164062 1.000000
-0.054455 0.995185 0.081498 -0.061086 0.994173 0.088823 0.156250 0.968750
-0.212607 -0.923880 0.318189 -0.207390 -0.923862 0.321664 0.156250 0.125000
-0.552895 0.098017 0.827466 -0.552830 0.098016 0.827509 0.156250 0.531250
-0.108386 0.980785 0.162212 -0.101827 0.982653 0.154996 0.156250 0.937500
-0.161274 -0.956940 0.241363 -0.169239 -0.954038 0.247324 0.156250 0.093750
-0.555570 0.000000 0.831469 -0.569113 0.000000 0.822260 0.156250 0.500000
-0.552895 -0.098017 0.827466 -0.552830 -0.098016 0.827509 0.156250 0.468750
-0.352450 0.831470 0.429462 -0.352964 0.831471 0.429036 0.140625 0.812500
-0.586103 -0.382683 0.714168 -0.585865 -0.382689 0.714361 0.140625 0.375000
-0.402455 0.773010 0.490393 -0.394402 0.772970 0.496955 0.140625 0.781250
-0.559485 -0.471397 0.681734 -0.559193 -0.471396 0.681975 0.140625 0.343750
-0.448584 0.707107 0.546601 -0.457504 0.707060 0.539218 0.140625 0.750000
-0.527479 -0.555570 0.642735 -0.516904 -0.555522 0.651310 0.140625 0.312500
-0.490392 0.634393 0.597545 -0.489173 0.628946 0.604266 0.140625 0.718750
-0.490392 -0.634393 0.597545 -0.490786 -0.634394 0.597221 0.140625 0.281250
-0.527479 0.555570 0.642735 -0.524374 0.547358 0.652251 0.140625 0.687500
-0.448584 -0.707107 0.546601 -0.457504 -0.707060 0.539218 0.140625 0.250000
-0.559485 0.471397 0.681734 -0.559193 0.471396 0.681975 0.140625 0.656250
-0.402455 -0.773010 0.490393 -0.395350 -0.777435 0.489175 0.140625 0.218750
-0.586103 0.382683 0.714168 -0.585865 0.382689 0.714361 0.140625 0.625000
-0.352450 -0.831470 0.429462 -0.343333 -0.836880 0.426327 0.140625 0.187500
-0.607077 0.290285 0.739725 -0.619115 0.290254 0.729692 0.140625 0.593750
-0.299051 -0.881921 0.364394 -0.305006 -0.881896 0.359486 0.140625 0.156250
-0.622204 0.195090 0.758157 -0.609710 0.195062 0.768248 0.140625 0.562500
0.000000 1.000000 0.000000 -0.000000 1.000000 -0.000000 0.148438 1.000000
-0.062181 0.995185 0.075768 -0.069494 0.994172 0.082411 0.140625 0.968750
-0.242772 -0.923880 0.295818 -0.236327 -0.926539 0.292701 0.140625 0.125000
-0.631338 0.098017 0.769288 -0.631277 0.098015 0.769339 0.140625 0.531250
-0.123764 0.980785 0.150807 -0.121294 0.980780 0.152834 0.140625 0.937500
-0.184155 -0.956940 0.224393 -0.174189 -0.961566 0.212248 0.140625 0.093750
-0.634393 0.000000 0.773010 -0.646963 0.000000 0.762522 0.140625 0.500000
-0.184155 0.956940 0.224393 -0.187826 0.956931 0.221370 0.140625 0.906250
-0.123764 -0.980785 0.150807 -0.118758 -0.982653 0.142440 0.140625 0.062500
-0.631338 -0.098017 0.769288 -0.631277 -0.098015 0.769339 0.140625 0.468750
-0.242772 0.923880 0.295818 -0.243343 0.923880 0.295348 0.140625 0.875000
-0.062181 -0.995185 0.075768 -0.067263 -0.994173 0.084242 0.140625 0.031250
-0.622204 -0.195090 0.758157 -0.609710 -0.195062 0.768248 0.140625 0.437500
-0.299051 0.881921 0.364394 -0.299595 0.881923 0.363944 0.140625 0.843750
0.000000 -1.000000 0.000000 -0.000000 -1.000000 -0.000000 0.148438 0.000000
-0.607077 -0.290285 0.739725 -0.619115 -0.290254 0.729692 0.140625 0.406250
-0.448584 0.773010 0.448584 -0.441214 0.772969 0.455905 0.125000 0.781250
-0.500000 0.707107 0.500000 -0.508152 0.707061 0.491778 0.125000 0.750000
-0.587938 -0.555570 0.587938 -0.580893 -0.561384 0.589416 0.125000 0.312500
-0.546601 0.634393 0.546601 -0.536997 0.641941 0.547308 0.125000 0.718750
-0.546601 -0.634393 0.546601 -0.536997 -0.641941 0.547308 0.125000 0.281250
-0.587938 0.555570 0.587938 -0.580893 0.561384 0.589416 0.125000 0.687500
-0.500000 -0.707107 0.500000 -0.508152 -0.707061 0.491778 0.125000 0.250000
-0.623612 0.471397 0.623612 -0.623346 0.471395 0.623881 0.125000 0.656250
-0.448584 -0.773010 0.448584 -0.448145 -0.773010 0.449022 0.125000 0.218750
-0.653281 0.382683 0.653281 -0.659642 0.376187 0.650658 0.125000 0.625000
-0.392848 -0.831470 0.392848 -0.386396 -0.831437 0.399263 0.125000 0.187500
-0.676659 0.290285 0.676659 -0.685361 0.280860 0.671862 0.125000 0.593750
-0.333328 -0.881921 0.333328 -0.338774 -0.881897 0.327857 0.125000 0.156250
-0.693520 0.195090 0.693520 -0.682077 0.195065 0.704785 0.125000 0.562500
0.000000 1.000000 0.000000 -0.000000 1.000000 -0.000000 0.132812 1.000000
-0.069309 0.995185 0.069309 -0.077241 0.994173 0.075199 0.125000 0.968750
-0.270598 -0.923880 0.270598 -0.274025 -0.920068 0.279975 0.125000 0.125000
-0.703702 0.098017 0.703702 -0.703647 0.098016 0.703757 0.125000 0.531250
-0.137950 0.980785 0.137950 -0.135690 0.980780 0.140211 0.125000 0.937500
-0.205262 -0.956940 0.205262 -0.211210 -0.954880 0.208795 0.125000 0.093750
-0.707107 0.000000 0.707106 -0.718592 0.000000 0.695432 0.125000 0.500000
-0.205262 0.956940 0.205262 -0.208619 0.956931 0.201895 0.125000 0.906250
-0.137950 -0.980785 0.137950 -0.143069 -0.978818 0.146447 0.125000 0.062500
-0.703702 -0.098017 0.703702 -0.703647 -0.098016 0.703757 0.125000 0.468750
-0.270598 0.923880 0.270598 -0.261820 0.927591 0.266504 0.125000 0.875000
-0.069309 -0.995185 0.069309 -0.080822 -0.993446 0.080822 0.125000 0.031250
-0.693520 -0.195090 0.693520 -0.682077 -0.195065 0.704785 0.125000 0.437500
-0.333328 0.881921 0.333328 -0.331494 0.885203 0.326385 0.125000 0.843750
0.000000 -1.000000 0.000000 -0.000000 -1.000000 -0.000000 0.132812 0.000000
-0.676659 -0.290285 0.676659 -0.685361 -0.280860 0.671862 0.125000 0.406250
-0.392848 0.831470 0.392848 -0.393317 0.831471 0.392374 0.125000 0.812500
-0.653281 -0.382683 0.653281 -0.659642 -0.376187 0.650658 0.125000 0.375000
-0.623612 -0.471397 0.623612 -0.623346 -0.471395 0.623881 0.125000 0.343750
-0.597545 0.634393 0.490393 -0.597660 0.628947 0.497221 0.109375 0.718750
-0.642735 0.555570 0.527479 -0.641547 0.547356 0.537419 0.109375 0.687500
-0.597545 -0.634393 0.490393 -0.589467 -0.634344 0.500136 0.109375 0.281250
-0.546601 -0.707107 0.448584 -0.553909 -0.707061 0.439601 0.109375 0.250000
-0.681734 0.471397 0.559485 -0.681494 0.471395 0.559778 0.109375 0.656250
-0.490393 -0.773010 0.402455 -0.492037 -0.766725 0.412350 0.109375 0.218750
-0.714168 0.382683 0.586103 -0.723683 0.382642 0.574341 0.109375 0.625000
-0.429462 -0.831470 0.352450 -0.431667 -0.827546 0.358931 0.109375 0.187500
-0.739725 0.290285 0.607076 -0.739872 0.290287 0.606896 0.109375 0.593750
-0.364394 -0.881921 0.299051 -0.369279 -0.881897 0.293072 0.109375 0.156250
-0.758157 0.195090 0.622203 -0.747874 0.195065 0.634535 0.109375 0.562500
0.000000 1.000000 0.000000 -0.000000 1.000000 -0.000000 0.117188 1.000000
-0.075768 0.995185 0.062181 -0.084242 0.994173 0.067263 0.109375 0.968750
-0.295818 -0.923880 0.242772 -0.291837 -0.923862 0.247608 0.109375 0.125000
-0.769288 0.098017 0.631338 -0.769238 0.098018 0.631399 0.109375 0.531250
-0.150807 0.980785 0.123764 -0.148783 0.980780 0.126232 0.109375 0.937500
-0.224393 -0.956940 0.184155 -0.227402 -0.956931 0.180477 0.109375 0.093750
-0.773010 0.000000 0.634393 -0.783292 0.000000 0.621654 0.109375 0.500000
-0.224393 0.956940 0.184155 -0.227402 0.956931 0.180477 0.109375 0.906250
-0.150807 -0.980785 0.123764 -0.148783 -0.980780 0.126232 0.109375 0.062500
-0.769288 -0.098017 0.631338 -0.769238 -0.098018 0.631399 0.109375 0.468750
-0.295818 0.923880 0.242772 -0.299320 0.921169 0.248706 0.109375 0.875000
-0.075768 -0.995185 0.062181 -0.084242 -0.994173 0.067263 0.109375 0.031250
-0.758157 -0.195090 0.622203 -0.747874 -0.195065 0.634535 0.109375 0.437500
-0.364394 0.881921 0.299051 -0.374275 0.877238 0.300618 0.109375 0.843750
0.000000 -1.000000 0.000000 -0.000000 -1.000000 -0.000000 0.117188 0.000000
-0.739725 -0.290285 0.607076 -0.742438 -0.296990 0.600486 0.109375 0.406250
-0.429462 0.831470 0.352450 -0.429885 0.831471 0.351930 0.109375 0.812500
-0.714168 -0.382683 0.586103 -0.716841 -0.391728 0.576792 0.109375 0.375000
-0.490393 0.773010 0.402455 -0.483776 0.772969 0.410462 0.109375 0.781250
-0.681734 -0.471397 0.559485 -0.681494 -0.471395 0.559778 0.109375 0.343750
-0.546601 0.707107 0.448584 -0.553909 0.707061 0.439601 0.109375 0.750000
-0.642735 -0.555570 0.527479 -0.642450 -0.555572 0.527823 0.109375 0.312500
-0.733290 0.471397 0.489969 -0.733081 0.471396 0.490285 0.093750 0.656250
-0.768177 0.382683 0.513280 -0.776493 0.382643 0.500644 0.093750 0.625000
-0.527479 -0.773010 0.352450 -0.520329 -0.777435 0.353345 0.093750 0.218750
-0.461940 -0.831470 0.308659 -0.452307 -0.836880 0.308303 0.093750 0.187500
-0.795667 0.290285 0.531647 -0.795796 0.290288 0.531452 0.093750 0.593750
-0.391952 -0.881921 0.261894 -0.401937 -0.877239 0.262486 0.093750 0.156250
-0.815493 0.195090 0.544895 -0.806465 0.195066 0.558179 0.093750 0.562500
0.000000 1.000000 0.000000 -0.000000 1.000000 -0.000000 0.101562 1.000000
-0.081498 0.995185 0.054455 -0.090427 0.994172 0.058686 0.093750 0.968750
-0.318189 -0.923880 0.212607 -0.318188 -0.923880 0.212606 0.093750 0.125000
-0.827466 0.098017 0.552895 -0.827421 0.098019 0.552961 0.093750 0.531250
-0.162212 0.980785 0.108386 -0.160438 0.980780 0.111042 0.093750 0.937500
-0.241363 -0.956940 0.161274 -0.234860 -0.959744 0.154051 0.093750 0.093750
-0.831470 0.000000 0.555570 -0.840456 0.000000 0.541880 0.093750 0.500000
-0.241363 0.956940 0.161274 -0.243999 0.956931 0.157316 0.093750 0.906250
-0.162212 -0.980785 0.108386 -0.160438 -0.980780 0.111042 0.093750 0.062500
-0.827466 -0.098017 0.552895 -0.827421 -0.098019 0.552961 0.093750 0.468750
-0.318189 0.923880 0.212607 -0.308782 0.927591 0.210306 0.093750 0.875000
-0.081498 -0.995185 0.054455 -0.090427 -0.994172 0.058686 0.093750 0.031250
-0.815493 -0.195090 0.544895 -0.806465 -0.195066 0.558179 0.093750 0.437500
-0.391952 0.881921 0.261894 -0.388798 0.885203 0.255443 0.093750 0.843750
0.000000 -1.000000 0.000000 -0.000000 -1.000000 -0.000000 0.101562 0.000000
-0.795667 -0.290285 0.531647 -0.803264 -0.280859 0.525248 0.093750 0.406250
-0.461940 0.831470 0.308659 -0.462309 0.831471 0.308100 0.093750 0.812500
-0.768177 -0.382683 0.513280 -0.773904 -0.376186 0.509468 0.093750 0.375000
-0.527479 0.773010 0.352450 -0.521679 0.772969 0.361067 0.093750 0.781250
-0.733290 -0.471397 0.489969 -0.733081 -0.471396 0.490285 0.093750 0.343750
-0.587938 0.707107 0.392847 -0.594331 0.707061 0.383192 0.093750 0.750000
-0.691342 -0.555570 0.461940 -0.691135 -0.547356 0.471946 0.093750 0.312500
-0.642734 0.634393 0.429462 -0.643017 0.634395 0.429036 0.093750 0.718750
-0.642734 -0.634393 0.429462 -0.643518 -0.628947 0.436246 0.093750 0.281250
-0.691342 0.555570 0.461940 -0.683714 0.555521 0.473215 0.093750 0.687500
-0.587938 -0.707107 0.392847 -0.594331 -0.707061 0.383192 0.093750 0.250000
-0.864975 0.195090 0.462339 -0.857295 0.195066 0.476440 0.078125 0.562500
0.000000 1.000000 0.000000 -0.000000 1.000000 -0.000000 0.085937 1.000000
-0.086443 0.995185 0.046205 -0.095743 0.994172 0.049541 0.078125 0.968750
-0.415735 -0.881921 0.222215 -0.411963 -0.885203 0.216106 0.078125 0.156250
-0.337496 -0.923880 0.180396 -0.337493 -0.923881 0.180395 0.078125 0.125000
-0.877674 0.098017 0.469127 -0.877639 0.098018 0.469194 0.078125 0.531250
-0.172054 0.980785 0.091965 -0.170549 0.980780 0.094782 0.078125 0.937500
-0.256008 -0.956940 0.136839 -0.262726 -0.954880 0.138493 0.078125 0.093750
-0.881921 0.000000 0.471396 -0.889522 -0.000000 0.456892 0.078125 0.500000
-0.256008 0.956940 0.136839 -0.248827 0.959745 0.130290 0.078125 0.906250
-0.172054 -0.980785 0.091965 -0.170549 -0.980780 0.094782 0.078125 0.062500
-0.877674 -0.098017 0.469127 -0.877639 -0.098018 0.469194 0.078125 0.468750
-0.337496 0.923880 0.180396 -0.330349 0.926540 0.179982 0.078125 0.875000
-0.086443 -0.995185 0.046205 -0.095743 -0.994172 0.049541 0.078125 0.031250
-0.864975 -0.195090 0.462339 -0.857295 -0.195066 0.476440 0.078125 0.437500
-0.415735 0.881921 0.222215 -0.419358 0.881896 0.215401 0.078125 0.843750
0.000000 -1.000000 0.000000 -0.000000 -1.000000 -0.000000 0.085937 0.000000
-0.843946 -0.290285 0.451098 -0.845321 -0.296989 0.444106 0.078125 0.406250
-0.489969 0.831470 0.261894 -0.490283 0.831471 0.261303 0.078125 0.812500
-0.814789 -0.382683 0.435513 -0.815594 -0.391726 0.425861 0.078125 0.375000
-0.559485 0.773010 0.299051 -0.554558 0.772969 0.308194 0.078125 0.781250
-0.777785 -0.471397 0.415735 -0.777606 -0.471396 0.416071 0.078125 0.343750
-0.623612 0.707107 0.333328 -0.629028 0.707061 0.323092 0.078125 0.750000
-0.733291 -0.555570 0.391952 -0.726802 -0.555522 0.403923 0.078125 0.312500
-0.681734 0.634393 0.364395 -0.681973 0.634396 0.363943 0.078125 0.718750
-0.681734 -0.634393 0.364395 -0.681973 -0.634396 0.363943 0.078125 0.281250
-0.733291 0.555570 0.391952 -0.726802 0.555522 0.403923 0.078125 0.687500
-0.623612 -0.707107 0.333328 -0.629028 -0.707061 0.323092 0.078125 0.250000
-0.777785 0.471397 0.415735 -0.777606 0.471396 0.416071 0.078125 0.656250
-0.559485 -0.773010 0.299051 -0.559191 -0.773011 0.299598 0.078125 0.218750
-0.814789 0.382683 0.435513 -0.815594 0.391726 0.425861 0.078125 0.625000
-0.489969 -0.831470 0.261894 -0.485659 -0.831436 0.269905 0.078125 0.187500
-0.843946 0.290285 0.451098 -0.845321 0.296989 0.444106 0.078125 0.593750
-0.919431 0.098017 0.380840 -0.919400 0.098017 0.380914 0.062500 0.531250
-0.923879 0.000000 0.382683 -0.930022 0.000000 0.367504 0.062500 0.500000
-0.180240 0.980785 0.074658 -0.186201 0.979391 0.078245 0.062500 0.937500
-0.268188 0.956940 0.111087 -0.282623 0.952061 0.117067 0.062500 0.906250
-0.180240 -0.980785 0.074658 -0.173224 -0.982128 0.073601 0.062500 0.062500
-0.919431 -0.098017 0.380840 -0.919400 -0.098017 0.380914 0.062500 0.468750
-0.353553 0.923880 0.146446 -0.367481 0.917490 0.152215 0.062500 0.875000
-0.090556 -0.995185 0.037509 -0.090557 -0.995185 0.037509 0.062500 0.031250
-0.906127 -0.195090 0.375330 -0.899864 -0.195064 0.390121 0.062500 0.437500
-0.435514 0.881921 0.180396 -0.445424 0.877239 0.179024 0.062500 0.843750
0.000000 -1.000000 0.000000 -0.000000 -1.000000 -0.000000 0.070312 0.000000
-0.884098 -0.290285 0.366205 -0.890299 -0.280857 0.358450 0.062500 0.406250
-0.513280 0.831470 0.212608 -0.503763 0.836879 0.214143 0.062500 0.812500
-0.853553 -0.382683 0.353553 -0.858426 -0.376187 0.348696 0.062500 0.375000
-0.586103 0.773010 0.242772 -0.579265 0.777434 0.245046 0.062500 0.781250
-0.814789 -0.471397 0.337496 -0.814645 -0.471395 0.337846 0.062500 0.343750
-0.653281 0.707107 0.270598 -0.657666 0.707061 0.259883 0.062500 0.750000
-0.768178 -0.555570 0.318190 -0.762894 -0.555523 0.330736 0.062500 0.312500
-0.714168 0.634393 0.295818 -0.714361 0.634396 0.295347 0.062500 0.718750
-0.714168 -0.634393 0.295818 -0.714361 -0.634396 0.295347 0.062500 0.281250
-0.768178 0.555570 0.318190 -0.762894 0.555523 0.330736 0.062500 0.687500
-0.653281 -0.707107 0.270598 -0.657666 -0.707061 0.259883 0.062500 0.250000
-0.814789 0.471397 0.337496 -0.814645 0.471395 0.337846 0.062500 0.656250
-0.586103 -0.773010 0.242772 -0.585866 -0.773010 0.243345 0.062500 0.218750
-0.853553 0.382683 0.353553 -0.858426 0.376187 0.348696 0.062500 0.625000
-0.513280 -0.831470 0.212608 -0.509775 -0.831436 0.221006 0.062500 0.187500
-0.884098 0.290285 0.366205 -0.890299 0.280857 0.358450 0.062500 0.593750
-0.435514 -0.881921 0.180396 -0.438452 -0.881897 0.173256 0.062500 0.156250
-0.906127 0.195090 0.375330 -0.899864 0.195064 0.390121 0.062500 0.562500
0.000000 1.000000 0.000000 -0.000000 1.000000 -0.000000 0.070312 1.000000
-0.090556 0.995185 0.037509 -0.100139 0.994173 0.039916 0.062500 0.968750
-0.353553 -0.923880 0.146446 -0.351145 -0.923863 0.152233 0.062500 0.125000
-0.268188 -0.956940 0.111087 -0.270000 -0.956931 0.106694 0.062500 0.093750
-0.938553 -0.195090 0.284707 -0.933770 -0.195063 0.300040 0.046875 0.437500
-0.451098 0.881921 0.136839 -0.451302 0.881923 0.136158 0.046875 0.843750
0.000000 -1.000000 0.000000 -0.000000 -1.000000 -0.000000 0.054688 0.000000
-0.093796 -0.995185 0.028453 -0.102730 -0.994173 0.032673 0.046875 0.031250
-0.915735 -0.290285 0.277785 -0.915718 -0.296992 0.270658 0.046875 0.406250
-0.531648 0.831470 0.161274 -0.536165 0.827546 0.166417 0.046875 0.812500
-0.884097 -0.382683 0.268188 -0.883003 -0.391729 0.258563 0.046875 0.375000
-0.607076 0.773010 0.184155 -0.612383 0.766724 0.192669 0.046875 0.781250
-0.843946 -0.471397 0.256008 -0.843837 -0.471396 0.256369 0.046875 0.343750
-0.676659 0.707107 0.205262 -0.679971 0.707062 0.194170 0.046875 0.750000
-0.795667 -0.555570 0.241363 -0.791639 -0.555522 0.254368 0.046875 0.312500
-0.739725 0.634393 0.224393 -0.739871 0.634395 0.223906 0.046875 0.718750
-0.739725 -0.634393 0.224393 -0.739871 -0.634395 0.223906 0.046875 0.281250
-0.795667 0.555570 0.241363 -0.791639 0.555522 0.254368 0.046875 0.687500
-0.676659 -0.707107 0.205262 -0.679971 -0.707062 0.194170 0.046875 0.250000
-0.843946 0.471397 0.256008 -0.843837 0.471396 0.256369 0.046875 0.656250
-0.607076 -0.773010 0.184155 -0.612383 -0.766724 0.192669 0.046875 0.218750
-0.884097 0.382683 0.268188 -0.888387 0.382643 0.253681 0.046875 0.625000
-0.531648 -0.831470 0.161274 -0.536165 -0.827546 0.166417 0.046875 0.187500
-0.915735 0.290285 0.277785 -0.915801 0.290290 0.277561 0.046875 0.593750
-0.451098 -0.881921 0.136839 -0.453324 -0.881896 0.129446 0.046875 0.156250
-0.938553 0.195090 0.284707 -0.933770 0.195063 0.300040 0.046875 0.562500
0.000000 1.000000 0.000000 -0.000000 1.000000 -0.000000 0.054688 1.000000
-0.093796 0.995185 0.028453 -0.103568 0.994172 0.029910 0.046875 0.968750
-0.366205 -0.923880 0.111087 -0.364377 -0.923862 0.117081 0.046875 0.125000
-0.952332 0.098017 0.288887 -0.952310 0.098014 0.288962 0.046875 0.531250
-0.186690 0.980785 0.056632 -0.177043 0.982653 0.055213 0.046875 0.937500
-0.277785 -0.956940 0.084265 -0.279158 -0.956931 0.079715 0.046875 0.093750
-0.956940 0.000000 0.290284 -0.961565 -0.000000 0.274578 0.046875 0.500000
-0.277785 0.956940 0.084265 -0.272034 0.958952 0.080048 0.046875 0.906250
-0.186690 -0.980785 0.056632 -0.186462 -0.980785 0.057389 0.046875 0.062500
-0.952332 -0.098017 0.288887 -0.952310 -0.098014 0.288962 0.046875 0.468750
-0.366205 0.923880 0.111087 -0.366419 0.923880 0.110377 0.046875 0.875000
-0.906127 -0.382683 0.180240 -0.909959 -0.376187 0.174524 0.031250 0.375000
-0.622204 0.773010 0.123764 -0.620143 0.772970 0.133944 0.031250 0.781250
-0.864975 -0.471397 0.172054 -0.864902 -0.471396 0.172424 0.031250 0.343750
-0.693520 0.707107 0.137949 -0.695731 0.707061 0.126583 0.031250 0.750000
-0.815493 -0.555570 0.162212 -0.812760 -0.555521 0.175548 0.031250 0.312500
-0.758157 0.634393 0.150807 -0.750565 0.641941 0.156727 0.031250 0.718750
-0.758157 -0.634393 0.150807 -0.758256 -0.634395 0.150306 0.031250 0.281250
-0.815493 0.555570 0.162212 -0.810457 0.561384 0.167353 0.031250 0.687500
-0.693520 -0.707107 0.137949 -0.695731 -0.707061 0.126583 0.031250 0.250000
-0.864975 0.471397 0.172054 -0.864902 0.471396 0.172424 0.031250 0.656250
-0.622204 -0.773010 0.123764 -0.620143 -0.772970 0.133944 0.031250 0.218750
-0.906127 0.382683 0.180240 -0.904094 0.391729 0.170768 0.031250 0.625000
-0.544895 -0.831470 0.108386 -0.545023 -0.831471 0.107728 0.031250 0.187500
-0.938553 0.290285 0.186690 -0.937839 0.296992 0.179595 0.031250 0.593750
-0.462339 -0.881921 0.091965 -0.463829 -0.881896 0.084393 0.031250 0.156250
-0.961940 0.195090 0.191342 -0.958684 0.195063 0.207065 0.031250 0.562500
0.000000 1.000000 0.000000 -0.000000 1.000000 -0.000000 0.039062 1.000000
-0.096134 0.995185 0.019122 -0.106002 0.994172 0.019614 0.031250 0.968750
-0.375330 -0.923880 0.074658 -0.368372 -0.926539 0.076336 0.031250 0.125000
-0.976062 0.098017 0.194151 -0.976048 0.098015 0.194226 0.031250 0.531250
-0.191342 0.980785 0.038060 -0.197888 0.979391 0.040415 0.031250 0.937500
-0.284707 -0.956940 0.056632 -0.275934 -0.959744 0.052451 0.031250 0.093750
-0.980785 0.000000 0.195090 -0.983848 -0.000000 0.179004 0.031250 0.500000
-0.284707 0.956940 0.056632 -0.284702 0.956942 0.056633 0.031250 0.906250
-0.191342 -0.980785 0.038060 -0.200318 -0.978818 0.042282 0.031250 0.062500
-0.976062 -0.098017 0.194151 -0.976048 -0.098015 0.194226 0.031250 0.468750
-0.375330 0.923880 0.074658 -0.369543 0.926540 0.070443 0.031250 0.875000
-0.096134 -0.995185 0.019122 -0.112104 -0.993446 0.022299 0.031250 0.031250
-0.961940 -0.195090 0.191342 -0.958684 -0.195063 0.207065 0.031250 0.437500
-0.462339 0.881921 0.091965 -0.462475 0.881922 0.091272 0.031250 0.843750
0.000000 -1.000000 0.000000 -0.000000 -1.000000 -0.000000 0.039062 0.000000
-0.938553 -0.290285 0.186690 -0.943123 -0.280860 0.177866 0.031250 0.406250
-0.544895 0.831470 0.108386 -0.545023 0.831471 0.107728 0.031250 0.812500
-0.827466 -0.555570 0.081498 -0.826053 -0.555521 0.095041 0.015625 0.312500
-0.769288 0.634393 0.075768 -0.773178 0.628946 0.081383 0.015625 0.718750
-0.769288 -0.634393 0.075768 -0.769337 -0.634395 0.075261 0.015625 0.281250
-0.827466 0.555570 0.081498 -0.832000 0.547357 0.090424 0.015625 0.687500
-0.703702 -0.707107 0.069308 -0.704787 -0.707062 0.057782 0.015625 0.250000
-0.877674 0.471397 0.086443 -0.877638 0.471395 0.086820 0.015625 0.656250
-0.631338 -0.773010 0.062181 -0.625455 -0.777435 0.066342 0.015625 0.218750
-0.919430 0.382683 0.090556 -0.922684 0.376186 0.084493 0.015625 0.625000
-0.552895 -0.831470 0.054455 -0.544234 -0.836878 0.058688 0.015625 0.187500
-0.952332 0.290285 0.093796 -0.956016 0.280859 0.084571 0.015625 0.593750
-0.469127 -0.881921 0.046205 -0.469866 -0.881897 0.038521 0.015625 0.156250
-0.976062 0.195090 0.096134 -0.974363 0.195064 0.112100 0.015625 0.562500
0.000000 1.000000 0.000000 -0.000000 1.000000 -0.000000 0.023438 1.000000
-0.097545 0.995185 0.009607 -0.107414 0.994172 0.009127 0.015625 0.968750
-0.380840 -0.923880 0.037509 -0.389439 -0.920068 0.042582 0.015625 0.125000
-0.990392 0.098017 0.097545 -0.990385 0.098017 0.097622 0.015625 0.531250
-0.194151 0.980785 0.019122 -0.184413 0.982653 0.019610 0.015625 0.937500
-0.288887 -0.956940 0.028453 -0.295726 -0.954880 0.027410 0.015625 0.093750
-0.995184 0.000000 0.098017 -0.996656 0.000000 0.081710 0.015625 0.500000
-0.288887 0.956940 0.028453 -0.288883 0.956942 0.028452 0.015625 0.906250
-0.194151 -0.980785 0.019122 -0.187131 -0.982128 0.020144 0.015625 0.062500
-0.990392 -0.098017 0.097545 -0.990385 -0.098017 0.097622 0.015625 0.468750
-0.380840 0.923880 0.037509 -0.390264 0.920067 0.034209 0.015625 0.875000
-0.097545 -0.995185 0.009607 -0.097546 -0.995185 0.009606 0.015625 0.031250
-0.976062 -0.195090 0.096134 -0.974363 -0.195064 0.112100 0.015625 0.437500
-0.469127 0.881921 0.046205 -0.469192 0.881923 0.045497 0.015625 0.843750
0.000000 -1.000000 0.000000 -0.000000 -1.000000 -0.000000 0.023438 0.000000
-0.952332 -0.290285 0.093796 -0.952354 -0.290288 0.093563 0.015625 0.406250
-0.552895 0.831470 0.054455 -0.552961 0.831469 0.053794 0.015625 0.812500
-0.919430 -0.382683 0.090556 -0.920807 -0.382642 0.075491 0.015625 0.375000
-0.631338 0.773010 0.062181 -0.630285 0.772970 0.072514 0.015625 0.781250
-0.877674 -0.471397 0.086443 -0.877638 -0.471395 0.086820 0.015625 0.343750
-0.703702 0.707107 0.069308 -0.704787 0.707062 0.057782 0.015625 0.750000
-0.773010 -0.634393 0.000000 -0.773009 -0.634395 -0.000510 0.000000 0.281250
-0.707107 -0.707107 -0.000000 -0.707057 -0.707062 -0.011578 0.000000 0.250000
-0.831470 0.555570 0.000000 -0.831390 0.555522 0.013615 0.000000 0.687500
-0.881921 0.471397 -0.000000 -0.881922 0.471395 0.000379 0.000000 0.656250
-0.634393 -0.773010 0.000000 -0.641941 -0.766725 0.006606 0.000000 0.218750
-0.923879 0.382683 -0.000000 -0.920039 0.391727 -0.008893 0.000000 0.625000
-0.555571 -0.831470 0.000000 -0.561387 -0.827545 0.003611 0.000000 0.187500
-0.956940 0.290285 -0.000000 -0.954856 0.296990 -0.006816 0.000000 0.593750
-0.471396 -0.881921 -0.000000 -0.480028 -0.877239 -0.005058 0.000000 0.156250
-0.980785 0.195090 -0.000000 -0.980659 0.195064 0.016059 0.000000 0.562500
0.000000 1.000000 0.000000 -0.000000 1.000000 -0.000000 0.007812 1.000000
-0.098017 0.995185 -0.000000 -0.107792 0.994172 -0.001443 0.000000 0.968750
-0.382683 -0.923880 -0.000000 -0.389156 -0.921169 0.002368 0.000000 0.125000
-0.995184 0.098017 -0.000000 -0.995185 0.098018 0.000079 0.000000 0.531250
-0.195090 0.980785 0.000000 -0.195091 0.980780 0.003195 0.000000 0.937500
-0.290285 -0.956940 -0.000000 -0.290277 -0.956931 -0.004753 0.000000 0.093750
-1.000000 0.000000 -0.000000 -0.999866 0.000000 -0.016373 0.000000 0.500000
-0.290285 0.956940 -0.000000 -0.290277 0.956931 -0.004753 0.000000 0.906250
-0.195090 -0.980785 0.000000 -0.195092 -0.980785 0.000789 0.000000 0.062500
-0.995184 -0.098017 -0.000000 -0.995185 -0.098018 0.000079 0.000000 0.468750
-0.382683 0.923880 -0.000000 -0.373584 0.927590 0.003315 0.000000 0.875000
-0.098017 -0.995185 -0.000000 -0.107792 -0.994172 0.001443 0.000000 0.031250
-0.980785 -0.195090 -0.000000 -0.980659 -0.195064 0.016059 0.000000 0.437500
-0.471396 0.881921 -0.000000 -0.465190 0.885204 -0.003613 0.000000 0.843750
0.000000 -1.000000 0.000000 -0.000000 -1.000000 -0.000000 0.007812 0.000000
-0.956940 -0.290285 -0.000000 -0.954856 -0.296990 -0.006816 0.000000 0.406250
-0.555571 0.831470 0.000000 -0.555568 0.831471 -0.000671 0.000000 0.812500
-0.923879 -0.382683 -0.000000 -0.920039 -0.391727 -0.008893 0.000000 0.375000
-0.634393 0.773010 0.000000 -0.634358 0.772970 0.010390 0.000000 0.781250
-0.881921 -0.471397 -0.000000 -0.881922 -0.471395 0.000379 0.000000 0.343750
-0.707107 0.707107 -0.000000 -0.707057 0.707062 -0.011578 0.000000 0.750000
-0.831470 -0.555570 0.000000 -0.831390 -0.555522 0.013615 0.000000 0.312500
-0.773010 0.634393 0.000000 -0.773009 0.634395 -0.000510 0.000000 0.718750
-0.555571 -0.831470 0.000000 -0.561387 -0.827545 0.003611 1.000000 0.187500
-0.631338 -0.773010 -0.062181 -0.626379 -0.777435 -0.056950 0.984375 0.218750
-0.552895 -0.831470 -0.054455 -0.545225 -0.836879 -0.048616 0.984375 0.187500
-0.956940 0.290285 -0.000000 -0.954856 0.296990 -0.006816 1.000000 0.593750
-0.919430 0.382683 -0.090556 -0.919460 0.382686 -0.090250 0.984375 0.625000
-0.952332 0.290285 -0.093797 -0.950679 0.290253 -0.109375 0.984375 0.593750
-0.471396 -0.881921 -0.000000 -0.480028 -0.877239 -0.005058 1.000000 0.156250
-0.469127 -0.881921 -0.046205 -0.462597 -0.885203 -0.049188 0.984375 0.156250
-0.976062 0.195090 -0.096134 -0.977511 0.195064 -0.080138 0.984375 0.562500
-0.980785 0.195090 -0.000000 -0.980659 0.195064 0.016059 1.000000 0.562500
-0.098017 0.995185 -0.000000 -0.107792 0.994172 -0.001443 1.000000 0.968750
0.000000 1.000000 0.000000 -0.000000 1.000000 -0.000000 0.992188 1.000000
-0.097545 0.995185 -0.009607 -0.097546 0.995185 -0.009606 0.984375 0.968750
-0.382683 -0.923880 -0.000000 -0.389156 -0.921169 0.002368 1.000000 0.125000
-0.380840 -0.923880 -0.037510 -0.372108 -0.927591 -0.033319 0.984375 0.125000
-0.995184 0.098017 -0.000000 -0.995185 0.098018 0.000079 1.000000 0.531250
-0.990392 0.098017 -0.097545 -0.990400 0.098017 -0.097466 0.984375 0.531250
-0.194151 0.980785 -0.019122 -0.187465 0.982128 -0.016746 0.984375 0.937500
-0.195090 0.980785 0.000000 -0.195091 0.980780 0.003195 1.000000 0.937500
-0.290285 -0.956940 -0.000000 -0.290277 -0.956931 -0.004753 1.000000 0.093750
-0.288887 -0.956940 -0.028453 -0.288414 -0.956931 -0.033183 0.984375 0.093750
-1.000000 0.000000 -0.000000 -0.999866 0.000000 -0.016373 1.000000 0.500000
-0.995184 0.000000 -0.098017 -0.993446 0.000000 -0.114299 0.984375 0.500000
-0.290285 0.956940 -0.000000 -0.290277 0.956931 -0.004753 1.000000 0.906250
-0.288887 0.956940 -0.028453 -0.288414 0.956931 -0.033183 0.984375 0.906250
-0.194151 -0.980785 -0.019122 -0.194230 -0.980785 -0.018334 0.984375 0.062500
-0.195090 -0.980785 0.000000 -0.195092 -0.980785 0.000789 1.000000 0.062500
-0.990392 -0.098017 -0.097545 -0.990400 -0.098017 -0.097466 0.984375 0.468750
-0.995184 -0.098017 -0.000000 -0.995185 -0.098018 0.000079 1.000000 0.468750
-0.380840 0.923880 -0.037510 -0.381446 0.923862 -0.031271 0.984375 0.875000
-0.382683 0.923880 -0.000000 -0.373584 0.927590 0.003315 1.000000 0.875000
-0.097545 -0.995185 -0.009607 -0.107414 -0.994172 -0.009127 0.984375 0.031250
-0.098017 -0.995185 -0.000000 -0.107792 -0.994172 0.001443 1.000000 0.031250
-0.976062 -0.195090 -0.096134 -0.977511 -0.195064 -0.080138 0.984375 0.437500
-0.980785 -0.195090 -0.000000 -0.980659 -0.195064 0.016059 1.000000 0.437500
-0.471396 0.881921 -0.000000 -0.465190 0.885204 -0.003613 1.000000 0.843750
-0.469127 0.881921 -0.046205 -0.468354 0.881897 -0.053881 0.984375 0.843750
0.000000 -1.000000 0.000000 -0.000000 -1.000000 -0.000000 0.992188 0.000000
-0.956940 -0.290285 -0.000000 -0.954856 -0.296990 -0.006816 1.000000 0.406250
-0.952332 -0.290285 -0.093797 -0.950679 -0.290253 -0.109375 0.984375 0.406250
-0.552895 0.831470 -0.054455 -0.545225 0.836879 -0.048616 0.984375 0.812500
-0.555571 0.831470 0.000000 -0.555568 0.831471 -0.000671 1.000000 0.812500
-0.919430 -0.382683 -0.090556 -0.919460 -0.382686 -0.090250 0.984375 0.375000
-0.923879 -0.382683 -0.000000 -0.920039 -0.391727 -0.008893 1.000000 0.375000
-0.631338 0.773010 -0.062181 -0.626379 0.777435 -0.056950 0.984375 0.781250
-0.634393 0.773010 0.000000 -0.634358 0.772970 0.010390 1.000000 0.781250
-0.877674 -0.471397 -0.086443 -0.877712 -0.471395 -0.086068 0.984375 0.343750
-0.881921 -0.471397 -0.000000 -0.881922 -0.471395 0.000379 1.000000 0.343750
-0.707107 0.707107 -0.000000 -0.707057 0.707062 -0.011578 1.000000 0.750000
-0.703702 0.707107 -0.069309 -0.702517 0.707062 -0.080825 0.984375 0.750000
-0.827466 -0.555570 -0.081498 -0.828722 -0.555521 -0.067943 0.984375 0.312500
-0.831470 -0.555570 0.000000 -0.831390 -0.555522 0.013615 1.000000 0.312500
-0.769288 0.634393 -0.075768 -0.769238 0.634394 -0.076275 0.984375 0.718750
-0.773010 0.634393 0.000000 -0.773009 0.634395 -0.000510 1.000000 0.718750
-0.773010 -0.634393 0.000000 -0.773009 -0.634395 -0.000510 1.000000 0.281250
-0.769288 -0.634393 -0.075768 -0.769238 -0.634394 -0.076275 0.984375 0.281250
-0.827466 0.555570 -0.081498 -0.828722 0.555521 -0.067943 0.984375 0.687500
-0.831470 0.555570 0.000000 -0.831390 0.555522 0.013615 1.000000 0.687500
-0.707107 -0.707107 -0.000000 -0.707057 -0.707062 -0.011578 1.000000 0.250000
-0.703702 -0.707107 -0.069309 -0.702517 -0.707062 -0.080825 0.984375 0.250000
-0.881921 0.471397 -0.000000 -0.881922 0.471395 0.000379 1.000000 0.656250
-0.877674 0.471397 -0.086443 -0.877712 0.471395 -0.086068 0.984375 0.656250
-0.634393 -0.773010 0.000000 -0.641941 -0.766725 0.006606 1.000000 0.218750
-0.923879 0.382683 -0.000000 -0.920039 0.391727 -0.008893 1.000000 0.625000
-0.375330 -0.923880 -0.074658 -0.376543 -0.923862 -0.068509 0.968750 0.125000
-0.961940 0.195090 -0.191342 -0.964949 0.195063 -0.175564 0.968750 0.562500
-0.976062 0.098017 -0.194151 -0.976078 0.098016 -0.194072 0.968750 0.531250
-0.096134 0.995185 -0.019122 -0.112104 0.993446 -0.022299 0.968750 0.968750
-0.191342 0.980785 -0.038060 -0.207068 0.977459 -0.041188 0.968750 0.937500
-0.284707 -0.956940 -0.056632 -0.283772 -0.956931 -0.061293 0.968750 0.093750
-0.980785 0.000000 -0.195091 -0.977460 0.000000 -0.211121 0.968750 0.500000
-0.284707 0.956940 -0.056632 -0.293261 0.954038 -0.061713 0.968750 0.906250
-0.191342 -0.980785 -0.038060 -0.191497 -0.980785 -0.037288 0.968750 0.062500
-0.976062 -0.098017 -0.194151 -0.976078 -0.098016 -0.194072 0.968750 0.468750
-0.375330 0.923880 -0.074658 -0.382140 0.921169 -0.073599 0.968750 0.875000
-0.096134 -0.995185 -0.019122 -0.106002 -0.994172 -0.019614 0.968750 0.031250
-0.961940 -0.195090 -0.191342 -0.964949 -0.195063 -0.175564 0.968750 0.437500
-0.462339 0.881921 -0.091965 -0.469816 0.877239 -0.098612 0.968750 0.843750
0.000000 -1.000000 0.000000 -0.000000 -1.000000 -0.000000 0.976562 0.000000
-0.938553 -0.290285 -0.186690 -0.935380 -0.290254 -0.202033 0.968750 0.406250
-0.544896 0.831470 -0.108386 -0.551306 0.827545 -0.105976 0.968750 0.812500
-0.906127 -0.382683 -0.180240 -0.906186 -0.382687 -0.179937 0.968750 0.375000
-0.622204 0.773010 -0.123764 -0.630896 0.766725 -0.118758 0.968750 0.781250
-0.864975 -0.471397 -0.172054 -0.865050 -0.471397 -0.171680 0.968750 0.343750
-0.693520 0.707107 -0.137950 -0.691212 0.707061 -0.149298 0.968750 0.750000
-0.815493 -0.555570 -0.162212 -0.818072 -0.555521 -0.148843 0.968750 0.312500
-0.758157 0.634393 -0.150807 -0.758058 0.634393 -0.151305 0.968750 0.718750
-0.758157 -0.634393 -0.150807 -0.758058 -0.634393 -0.151305 0.968750 0.281250
-0.815493 0.555570 -0.162212 -0.818072 0.555521 -0.148843 0.968750 0.687500
-0.693520 -0.707107 -0.137950 -0.691212 -0.707061 -0.149298 0.968750 0.250000
-0.864975 0.471397 -0.172054 -0.865050 0.471397 -0.171680 0.968750 0.656250
-0.622204 -0.773010 -0.123764 -0.622324 -0.773011 -0.123155 0.968750 0.218750
-0.906127 0.382683 -0.180240 -0.906186 0.382687 -0.179937 0.968750 0.625000
-0.544896 -0.831470 -0.108386 -0.546646 -0.831436 -0.099455 0.968750 0.187500
-0.938553 0.290285 -0.186690 -0.935380 0.290254 -0.202033 0.968750 0.593750
-0.462339 -0.881921 -0.091965 -0.460815 -0.881897 -0.099535 0.968750 0.156250
0.000000 1.000000 0.000000 -0.000000 1.000000 -0.000000 0.976562 1.000000
-0.186690 -0.980785 -0.056632 -0.186921 -0.980785 -0.055877 0.953125 0.062500
-0.952332 -0.098017 -0.288887 -0.952355 -0.098017 -0.288813 0.953125 0.468750
-0.366205 0.923880 -0.111087 -0.351677 0.930023 -0.106682 0.953125 0.875000
-0.093796 -0.995185 -0.028453 -0.103569 -0.994172 -0.029909 0.953125 0.031250
-0.938553 -0.195090 -0.284707 -0.943093 -0.195063 -0.269305 0.953125 0.437500
-0.451098 0.881921 -0.136839 -0.444111 0.885203 -0.138494 0.953125 0.843750
0.000000 -1.000000 0.000000 -0.000000 -1.000000 -0.000000 0.960938 0.000000
-0.915735 -0.290285 -0.277785 -0.911073 -0.290253 -0.292744 0.953125 0.406250
-0.531648 0.831470 -0.161274 -0.531450 0.831471 -0.161915 0.953125 0.812500
-0.884097 -0.382683 -0.268188 -0.884186 -0.382686 -0.267894 0.953125 0.375000
-0.607076 0.773010 -0.184155 -0.610059 0.772969 -0.174206 0.953125 0.781250
-0.843946 -0.471397 -0.256008 -0.844057 -0.471396 -0.255644 0.953125 0.343750
-0.676659 0.707107 -0.205262 -0.673249 0.707062 -0.216330 0.953125 0.750000
-0.795667 -0.555570 -0.241363 -0.799544 -0.555521 -0.228309 0.953125 0.312500
-0.739725 0.634393 -0.224393 -0.739575 0.634395 -0.224881 0.953125 0.718750
-0.739725 -0.634393 -0.224393 -0.739575 -0.634395 -0.224881 0.953125 0.281250
-0.795667 0.555570 -0.241363 -0.799544 0.555521 -0.228309 0.953125 0.687500
-0.676659 -0.707107 -0.205262 -0.673249 -0.707062 -0.216330 0.953125 0.250000
-0.843946 0.471397 -0.256008 -0.844057 0.471396 -0.255644 0.953125 0.656250
-0.607076 -0.773010 -0.184155 -0.607256 -0.773010 -0.183562 0.953125 0.218750
-0.884097 0.382683 -0.268188 -0.884186 0.382686 -0.267894 0.953125 0.625000
-0.531648 -0.831470 -0.161274 -0.534263 -0.831437 -0.152565 0.953125 0.187500
-0.915735 0.290285 -0.277785 -0.911073 0.290253 -0.292744 0.953125 0.593750
-0.451098 -0.881921 -0.136839 -0.448841 -0.881897 -0.144221 0.953125 0.156250
-0.938553 0.195090 -0.284707 -0.943093 0.195063 -0.269305 0.953125 0.562500
0.000000 1.000000 0.000000 -0.000000 1.000000 -0.000000 0.960938 1.000000
-0.093796 0.995185 -0.028453 -0.102731 0.994172 -0.032672 0.953125 0.968750
-0.366205 -0.923880 -0.111087 -0.368015 -0.923862 -0.105090 0.953125 0.125000
-0.952332 0.098017 -0.288887 -0.952355 0.098017 -0.288813 0.953125 0.531250
-0.186690 0.980785 -0.056632 -0.186462 0.980785 -0.057389 0.953125 0.937500
-0.277785 -0.956940 -0.084265 -0.276398 -0.956931 -0.088813 0.953125 0.093750
-0.956940 0.000000 -0.290285 -0.952059 -0.000000 -0.305916 0.953125 0.500000
-0.277785 0.956940 -0.084265 -0.269464 0.959744 -0.079244 0.953125 0.906250
-0.513280 0.831470 -0.212608 -0.507635 0.836879 -0.204793 0.937500 0.812500
-0.853553 -0.382683 -0.353553 -0.853670 -0.382686 -0.353270 0.937500 0.375000
-0.586103 0.773010 -0.242772 -0.582877 0.777434 -0.236327 0.937500 0.781250
-0.814789 -0.471397 -0.337497 -0.814934 -0.471395 -0.337147 0.937500 0.343750
-0.653281 0.707107 -0.270598 -0.648806 0.707060 -0.281278 0.937500 0.750000
-0.768178 -0.555570 -0.318190 -0.773313 -0.555524 -0.305582 0.937500 0.312500
-0.714168 0.634393 -0.295818 -0.713969 0.634397 -0.296291 0.937500 0.718750
-0.714168 -0.634393 -0.295818 -0.713969 -0.634397 -0.296291 0.937500 0.281250
-0.768178 0.555570 -0.318190 -0.773313 0.555524 -0.305582 0.937500 0.687500
-0.653281 -0.707107 -0.270598 -0.648806 -0.707060 -0.281278 0.937500 0.250000
-0.814789 0.471397 -0.337497 -0.814934 0.471395 -0.337147 0.937500 0.656250
-0.586103 -0.773010 -0.242772 -0.586341 -0.773010 -0.242196 0.937500 0.218750
-0.853553 0.382683 -0.353553 -0.853564 0.376186 -0.360434 0.937500 0.625000
-0.513280 -0.831470 -0.212608 -0.516740 -0.831436 -0.204191 0.937500 0.187500
-0.884098 0.290285 -0.366205 -0.882998 0.280857 -0.376077 0.937500 0.593750
-0.435514 -0.881921 -0.180396 -0.432545 -0.881897 -0.187517 0.937500 0.156250
-0.906127 0.195090 -0.375330 -0.912156 0.195062 -0.360447 0.937500 0.562500
0.000000 1.000000 0.000000 -0.000000 1.000000 -0.000000 0.945312 1.000000
-0.090556 0.995185 -0.037510 -0.099034 0.994172 -0.042584 0.937500 0.968750
-0.353553 -0.923880 -0.146446 -0.348699 -0.926540 -0.141184 0.937500 0.125000
-0.919430 0.098017 -0.380841 -0.919461 0.098019 -0.380768 0.937500 0.531250
-0.180240 0.980785 -0.074658 -0.179940 0.980785 -0.075388 0.937500 0.937500
-0.268188 -0.956940 -0.111087 -0.258570 -0.959744 -0.109692 0.937500 0.093750
-0.923879 0.000000 -0.382684 -0.917490 0.000000 -0.397759 0.937500 0.500000
-0.268188 0.956940 -0.111087 -0.275034 0.954880 -0.112076 0.937500 0.906250
-0.180240 -0.980785 -0.074658 -0.190049 -0.978818 -0.076136 0.937500 0.062500
-0.919430 -0.098017 -0.380841 -0.919461 -0.098019 -0.380768 0.937500 0.468750
-0.353553 0.923880 -0.146446 -0.367481 0.917490 -0.152215 0.937500 0.875000
-0.090556 -0.995185 -0.037510 -0.105600 -0.993446 -0.043741 0.937500 0.031250
-0.906127 -0.195090 -0.375330 -0.912156 -0.195062 -0.360447 0.937500 0.437500
-0.435514 0.881921 -0.180396 -0.441555 0.877238 -0.188367 0.937500 0.843750
0.000000 -1.000000 0.000000 -0.000000 -1.000000 -0.000000 0.945312 0.000000
-0.884098 -0.290285 -0.366205 -0.877992 -0.290252 -0.380636 0.937500 0.406250
-0.559485 0.773010 -0.299051 -0.559779 0.773009 -0.298503 0.921875 0.781250
-0.623612 0.707107 -0.333328 -0.618113 0.707061 -0.343514 0.921875 0.750000
-0.733291 -0.555570 -0.391952 -0.732659 -0.561387 -0.384780 0.921875 0.312500
-0.681734 0.634393 -0.364394 -0.679622 0.641942 -0.354998 0.921875 0.718750
-0.681734 -0.634393 -0.364394 -0.679622 -0.641942 -0.354998 0.921875 0.281250
-0.733291 0.555570 -0.391952 -0.732659 0.561387 -0.384780 0.921875 0.687500
-0.623612 -0.707107 -0.333328 -0.618113 -0.707061 -0.343514 0.921875 0.250000
-0.777785 0.471397 -0.415735 -0.777963 0.471394 -0.415405 0.921875 0.656250
-0.559485 -0.773010 -0.299051 -0.569258 -0.766723 -0.296784 0.921875 0.218750
-0.814788 0.382683 -0.435514 -0.807563 0.382644 -0.448806 0.921875 0.625000
-0.489970 -0.831470 -0.261894 -0.496803 -0.827545 -0.261449 0.921875 0.187500
-0.843946 0.290285 -0.451099 -0.843835 0.290288 -0.451304 0.921875 0.593750
-0.415735 -0.881921 -0.222215 -0.412079 -0.881897 -0.229016 0.921875 0.156250
-0.864975 0.195090 -0.462339 -0.872435 0.195062 -0.448116 0.921875 0.562500
0.000000 1.000000 0.000000 -0.000000 1.000000 -0.000000 0.929687 1.000000
-0.086443 0.995185 -0.046205 -0.094382 0.994172 -0.052087 0.921875 0.968750
-0.337496 -0.923880 -0.180396 -0.337844 -0.923881 -0.179739 0.921875 0.125000
-0.877674 0.098017 -0.469127 -0.877711 0.098018 -0.469058 0.921875 0.531250
-0.172054 0.980785 -0.091965 -0.171684 0.980785 -0.092662 0.921875 0.937500
-0.256008 -0.956940 -0.136839 -0.256368 -0.956941 -0.136156 0.921875 0.093750
-0.881921 0.000000 -0.471397 -0.874083 -0.000000 -0.485776 0.921875 0.500000
-0.256008 0.956940 -0.136839 -0.248827 0.959745 -0.130290 0.921875 0.906250
-0.172054 -0.980785 -0.091965 -0.173561 -0.980780 -0.089150 0.921875 0.062500
-0.877674 -0.098017 -0.469127 -0.877711 -0.098018 -0.469058 0.921875 0.468750
-0.337496 0.923880 -0.180396 -0.324107 0.930023 -0.173239 0.921875 0.875000
-0.086443 -0.995185 -0.046205 -0.094382 -0.994172 -0.052087 0.921875 0.031250
-0.864975 -0.195090 -0.462339 -0.872435 -0.195062 -0.448116 0.921875 0.437500
-0.415735 0.881921 -0.222215 -0.408557 0.885204 -0.222476 0.921875 0.843750
0.000000 -1.000000 0.000000 -0.000000 -1.000000 -0.000000 0.929687 0.000000
-0.843946 -0.290285 -0.451099 -0.836456 -0.290253 -0.464860 0.921875 0.406250
-0.489970 0.831470 -0.261894 -0.494237 0.831436 -0.253858 0.921875 0.812500
-0.814788 -0.382683 -0.435514 -0.814931 -0.382687 -0.435244 0.921875 0.375000
-0.777785 -0.471397 -0.415735 -0.777963 -0.471394 -0.415405 0.921875 0.343750
-0.642735 0.634393 -0.429461 -0.649303 0.628948 -0.427587 0.906250 0.718750
-0.691342 0.555570 -0.461940 -0.700508 0.547356 -0.457919 0.906250 0.687500
-0.642735 -0.634393 -0.429461 -0.649303 -0.628948 -0.427587 0.906250 0.281250
-0.587938 -0.707107 -0.392847 -0.581466 -0.707061 -0.402446 0.906250 0.250000
-0.733290 0.471397 -0.489969 -0.733502 0.471394 -0.489656 0.906250 0.656250
-0.527479 -0.773010 -0.352450 -0.525572 -0.777434 -0.345500 0.906250 0.218750
-0.768177 0.382683 -0.513280 -0.760044 0.391731 -0.518537 0.906250 0.625000
-0.461940 -0.831470 -0.308659 -0.457925 -0.836879 -0.299896 0.906250 0.187500
-0.795667 0.290285 -0.531648 -0.790148 0.296992 -0.536155 0.906250 0.593750
-0.391952 -0.881921 -0.261894 -0.387648 -0.881897 -0.268303 0.906250 0.156250
-0.815493 0.195090 -0.544895 -0.824311 0.195061 -0.531472 0.906250 0.562500
0.000000 1.000000 0.000000 -0.000000 1.000000 -0.000000 0.914062 1.000000
-0.081498 0.995185 -0.054455 -0.088823 0.994173 -0.061086 0.906250 0.968750
-0.318189 -0.923880 -0.212607 -0.318601 -0.923880 -0.211988 0.906250 0.125000
-0.827465 0.098017 -0.552895 -0.827509 0.098016 -0.552830 0.906250 0.531250
-0.162212 0.980785 -0.108386 -0.161775 0.980785 -0.109042 0.906250 0.937500
-0.241363 -0.956940 -0.161274 -0.241788 -0.956941 -0.160630 0.906250 0.093750
-0.831469 0.000000 -0.555570 -0.822261 0.000000 -0.569110 0.906250 0.500000
-0.241363 0.956940 -0.161274 -0.247886 0.954880 -0.163576 0.906250 0.906250
-0.162212 -0.980785 -0.108386 -0.157435 -0.982129 -0.103140 0.906250 0.062500
-0.827465 -0.098017 -0.552895 -0.827509 -0.098016 -0.552830 0.906250 0.468750
-0.318189 0.923880 -0.212607 -0.330725 0.917490 -0.220983 0.906250 0.875000
-0.081498 -0.995185 -0.054455 -0.081498 -0.995185 -0.054456 0.906250 0.031250
-0.815493 -0.195090 -0.544895 -0.824311 -0.195061 -0.531472 0.906250 0.437500
-0.391952 0.881921 -0.261894 -0.396317 0.877239 -0.270896 0.906250 0.843750
0.000000 -1.000000 0.000000 -0.000000 -1.000000 -0.000000 0.914062 0.000000
-0.795667 -0.290285 -0.531648 -0.786864 -0.290253 -0.544609 0.906250 0.406250
-0.461940 0.831470 -0.308659 -0.466972 0.831436 -0.301082 0.906250 0.812500
-0.768177 -0.382683 -0.513280 -0.768347 -0.382690 -0.513021 0.906250 0.375000
-0.527479 0.773010 -0.352450 -0.527824 0.773010 -0.351933 0.906250 0.781250
-0.733290 -0.471397 -0.489969 -0.733502 -0.471394 -0.489656 0.906250 0.343750
-0.587938 0.707107 -0.392847 -0.581466 0.707061 -0.402446 0.906250 0.750000
-0.691342 -0.555570 -0.461940 -0.700508 -0.547356 -0.457919 0.906250 0.312500
-0.681734 0.471397 -0.559485 -0.681975 0.471396 -0.559193 0.890625 0.656250
-0.714168 0.382683 -0.586103 -0.714361 0.382689 -0.585865 0.890625 0.625000
-0.429462 -0.831470 -0.352450 -0.436249 -0.827546 -0.353347 0.890625 0.187500
-0.739725 0.290285 -0.607077 -0.729692 0.290254 -0.619115 0.890625 0.593750
-0.364394 -0.881921 -0.299051 -0.359486 -0.881896 -0.305006 0.890625 0.156250
-0.758157 0.195090 -0.622204 -0.768249 0.195061 -0.609709 0.890625 0.562500
0.000000 1.000000 0.000000 -0.000000 1.000000 -0.000000 0.898438 1.000000
-0.075768 0.995185 -0.062181 -0.082411 0.994172 -0.069494 0.890625 0.968750
-0.295818 -0.923880 -0.242772 -0.296288 -0.923880 -0.242195 0.890625 0.125000
-0.769288 0.098017 -0.631338 -0.769340 0.098016 -0.631275 0.890625 0.531250
-0.150807 0.980785 -0.123764 -0.144269 0.982653 -0.116529 0.890625 0.937500
-0.224393 -0.956940 -0.184155 -0.224878 -0.956941 -0.183558 0.890625 0.093750
-0.773010 0.000000 -0.634393 -0.762522 0.000000 -0.646963 0.890625 0.500000
-0.224393 0.956940 -0.184155 -0.217690 0.958953 -0.181717 0.890625 0.906250
-0.150807 -0.980785 -0.123764 -0.159766 -0.978818 -0.128023 0.890625 0.062500
-0.769288 -0.098017 -0.631338 -0.769340 -0.098016 -0.631275 0.890625 0.468750
-0.295818 0.923880 -0.242772 -0.295348 0.923880 -0.243343 0.890625 0.875000
-0.075768 -0.995185 -0.062181 -0.088358 -0.993446 -0.072508 0.890625 0.031250
-0.758157 -0.195090 -0.622204 -0.768249 -0.195061 -0.609709 0.890625 0.437500
-0.364394 0.881921 -0.299051 -0.363944 0.881923 -0.299595 0.890625 0.843750
0.000000 -1.000000 0.000000 -0.000000 -1.000000 -0.000000 0.898438 0.000000
-0.739725 -0.290285 -0.607077 -0.729692 -0.290254 -0.619115 0.890625 0.406250
-0.429462 0.831470 -0.352450 -0.436249 0.827546 -0.353347 0.890625 0.812500
-0.714168 -0.382683 -0.586103 -0.714361 -0.382689 -0.585865 0.890625 0.375000
-0.490393 0.773010 -0.402455 -0.500419 0.766725 -0.402137 0.890625 0.781250
-0.681734 -0.471397 -0.559485 -0.681975 -0.471396 -0.559193 0.890625 0.343750
-0.546601 0.707107 -0.448584 -0.539219 0.707060 -0.457502 0.890625 0.750000
-0.642735 -0.555570 -0.527479 -0.651310 -0.555522 -0.516904 0.890625 0.312500
-0.597545 0.634393 -0.490392 -0.597221 0.634395 -0.490785 0.890625 0.718750
-0.597545 -0.634393 -0.490392 -0.597221 -0.634395 -0.490785 0.890625 0.281250
-0.642735 0.555570 -0.527479 -0.651310 0.555522 -0.516904 0.890625 0.687500
-0.546601 -0.707107 -0.448584 -0.539219 -0.707060 -0.457502 0.890625 0.250000
-0.490393 -0.773010 -0.402455 -0.500419 -0.766725 -0.402137 0.890625 0.218750
-0.693520 0.195090 -0.693520 -0.699273 0.188198 -0.689637 0.875000 0.562500
0.000000 1.000000 0.000000 -0.000000 1.000000 -0.000000 0.882812 1.000000
-0.069309 0.995185 -0.069309 -0.075199 0.994173 -0.077241 0.875000 0.968750
-0.270598 -0.923880 -0.270598 -0.279975 -0.920068 -0.274025 0.875000 0.125000
-0.703702 0.098017 -0.703702 -0.711262 0.088229 -0.697368 0.875000 0.531250
-0.137950 0.980785 -0.137950 -0.143545 0.979391 -0.142084 0.875000 0.937500
-0.205262 -0.956940 -0.205262 -0.208795 -0.954880 -0.211210 0.875000 0.093750
-0.707106 0.000000 -0.707107 -0.695432 0.000000 -0.718592 0.875000 0.500000
-0.205262 0.956940 -0.205262 -0.209553 0.954038 -0.214239 0.875000 0.906250
-0.137950 -0.980785 -0.137950 -0.140211 -0.980780 -0.135690 0.875000 0.062500
-0.703702 -0.098017 -0.703702 -0.703757 -0.098016 -0.703647 0.875000 0.468750
-0.270598 0.923880 -0.270598 -0.270069 0.923880 -0.271123 0.875000 0.875000
-0.069309 -0.995185 -0.069309 -0.075199 -0.994173 -0.077241 0.875000 0.031250
-0.693520 -0.195090 -0.693520 -0.704785 -0.195065 -0.682077 0.875000 0.437500
-0.333328 0.881921 -0.333328 -0.332824 0.881923 -0.333827 0.875000 0.843750
0.000000 -1.000000 0.000000 -0.000000 -1.000000 -0.000000 0.882812 0.000000
-0.676659 -0.290285 -0.676659 -0.665493 -0.290254 -0.687657 0.875000 0.406250
-0.392848 0.831470 -0.392848 -0.392374 0.831471 -0.393317 0.875000 0.812500
-0.653281 -0.382683 -0.653281 -0.653496 -0.382687 -0.653065 0.875000 0.375000
-0.448584 0.773010 -0.448584 -0.455905 0.772969 -0.441214 0.875000 0.781250
-0.623612 -0.471397 -0.623612 -0.623881 -0.471395 -0.623346 0.875000 0.343750
-0.500000 0.707107 -0.500000 -0.491778 0.707061 -0.508152 0.875000 0.750000
-0.587938 -0.555570 -0.587938 -0.597510 -0.555520 -0.578255 0.875000 0.312500
-0.546601 0.634393 -0.546601 -0.546241 0.634394 -0.546959 0.875000 0.718750
-0.546601 -0.634393 -0.546601 -0.546241 -0.634394 -0.546959 0.875000 0.281250
-0.587938 0.555570 -0.587938 -0.597510 0.555520 -0.578255 0.875000 0.687500
-0.500000 -0.707107 -0.500000 -0.491778 -0.707061 -0.508152 0.875000 0.250000
-0.623612 0.471397 -0.623612 -0.623881 0.471395 -0.623346 0.875000 0.656250
-0.448584 -0.773010 -0.448584 -0.455905 -0.772969 -0.441214 0.875000 0.218750
-0.653281 0.382683 -0.653281 -0.650657 0.376188 -0.659643 0.875000 0.625000
-0.392848 -0.831470 -0.392848 -0.392374 -0.831471 -0.393317 0.875000 0.187500
-0.676659 0.290285 -0.676659 -0.671862 0.280860 -0.685361 0.875000 0.593750
-0.333328 -0.881921 -0.333328 -0.327857 -0.881897 -0.338774 0.875000 0.156250
-0.631338 0.098017 -0.769288 -0.636295 0.104997 -0.764267 0.859375 0.531250
-0.634393 0.000000 -0.773010 -0.621652 0.000000 -0.783293 0.859375 0.500000
-0.184155 0.956940 -0.224393 -0.178058 0.958952 -0.220694 0.859375 0.906250
-0.123764 -0.980785 -0.150807 -0.126232 -0.980780 -0.148783 0.859375 0.062500
-0.631338 -0.098017 -0.769288 -0.631399 -0.098018 -0.769238 0.859375 0.468750
-0.242772 0.923880 -0.295818 -0.239559 0.927591 -0.286682 0.859375 0.875000
-0.062181 -0.995185 -0.075768 -0.067263 -0.994173 -0.084242 0.859375 0.031250
-0.622203 -0.195090 -0.758157 -0.634535 -0.195065 -0.747874 0.859375 0.437500
-0.299051 0.881921 -0.364394 -0.292320 0.885203 -0.361889 0.859375 0.843750
0.000000 -1.000000 0.000000 -0.000000 -1.000000 -0.000000 0.867188 0.000000
-0.607076 -0.290285 -0.739725 -0.594890 -0.290253 -0.749573 0.859375 0.406250
-0.352450 0.831470 -0.429462 -0.351930 0.831471 -0.429885 0.859375 0.812500
-0.586102 -0.382683 -0.714168 -0.586339 -0.382686 -0.713973 0.859375 0.375000
-0.402455 0.773010 -0.490393 -0.410462 0.772969 -0.483776 0.859375 0.781250
-0.559485 -0.471397 -0.681734 -0.559778 -0.471394 -0.681496 0.859375 0.343750
-0.448584 0.707107 -0.546601 -0.439601 0.707061 -0.553910 0.859375 0.750000
-0.527479 -0.555570 -0.642735 -0.537954 -0.555520 -0.634037 0.859375 0.312500
-0.490393 0.634393 -0.597545 -0.489995 0.634396 -0.597868 0.859375 0.718750
-0.490393 -0.634393 -0.597545 -0.489995 -0.634396 -0.597868 0.859375 0.281250
-0.527479 0.555570 -0.642735 -0.537954 0.555520 -0.634037 0.859375 0.687500
-0.448584 -0.707107 -0.546601 -0.439601 -0.707061 -0.553910 0.859375 0.250000
-0.559485 0.471397 -0.681734 -0.559778 0.471394 -0.681496 0.859375 0.656250
-0.402455 -0.773010 -0.490393 -0.410462 -0.772969 -0.483776 0.859375 0.218750
-0.586102 0.382683 -0.714168 -0.576792 0.391728 -0.716841 0.859375 0.625000
-0.352450 -0.831470 -0.429462 -0.351930 -0.831471 -0.429885 0.859375 0.187500
-0.607076 0.290285 -0.739725 -0.600486 0.296991 -0.742437 0.859375 0.593750
-0.299051 -0.881921 -0.364394 -0.300618 -0.877238 -0.374275 0.859375 0.156250
-0.622203 0.195090 -0.758157 -0.628304 0.204707 -0.750553 0.859375 0.562500
0.000000 1.000000 0.000000 -0.000000 1.000000 -0.000000 0.867188 1.000000
-0.062181 0.995185 -0.075768 -0.067263 0.994173 -0.084242 0.859375 0.968750
-0.242772 -0.923880 -0.295818 -0.242770 -0.923880 -0.295817 0.859375 0.125000
-0.123764 0.980785 -0.150807 -0.118758 0.982653 -0.142440 0.859375 0.937500
-0.184155 -0.956940 -0.224393 -0.176333 -0.959745 -0.218625 0.859375 0.093750
-0.544895 -0.195090 -0.815493 -0.558179 -0.195066 -0.806465 0.843750 0.437500
-0.212607 0.923880 -0.318189 -0.218172 0.921169 -0.322256 0.843750 0.875000
-0.261894 0.881921 -0.391952 -0.262487 0.877239 -0.401936 0.843750 0.843750
0.000000 -1.000000 0.000000 -0.000000 -1.000000 -0.000000 0.851562 0.000000
-0.054455 -0.995185 -0.081498 -0.058686 -0.994172 -0.090427 0.843750 0.031250
-0.531647 -0.290285 -0.795667 -0.518553 -0.290252 -0.804273 0.843750 0.406250
-0.308659 0.831470 -0.461940 -0.308103 0.831471 -0.462308 0.843750 0.812500
-0.513280 -0.382683 -0.768177 -0.513537 -0.382687 -0.768004 0.843750 0.375000
-0.352450 0.773010 -0.527479 -0.361067 0.772969 -0.521679 0.843750 0.781250
-0.489969 -0.471397 -0.733290 -0.490286 -0.471395 -0.733080 0.843750 0.343750
-0.392847 0.707107 -0.587938 -0.383193 0.707060 -0.594331 0.843750 0.750000
-0.461940 -0.555570 -0.691342 -0.473213 -0.555522 -0.683714 0.843750 0.312500
-0.429461 0.634393 -0.642734 -0.429036 0.634395 -0.643017 0.843750 0.718750
-0.429461 -0.634393 -0.642734 -0.429036 -0.634395 -0.643017 0.843750 0.281250
-0.461940 0.555570 -0.691342 -0.473213 0.555522 -0.683714 0.843750 0.687500
-0.392847 -0.707107 -0.587938 -0.383193 -0.707060 -0.594331 0.843750 0.250000
-0.489969 0.471397 -0.733290 -0.486777 0.465185 -0.739359 0.843750 0.656250
-0.352450 -0.773010 -0.527479 -0.361067 -0.772969 -0.521679 0.843750 0.218750
-0.513280 0.382683 -0.768177 -0.523023 0.373577 -0.766085 0.843750 0.625000
-0.308659 -0.831470 -0.461940 -0.308103 -0.831471 -0.462308 0.843750 0.187500
-0.531647 0.290285 -0.795667 -0.518553 0.290252 -0.804273 0.843750 0.593750
-0.261894 -0.881921 -0.391952 -0.255444 -0.885204 -0.388797 0.843750 0.156250
-0.544895 0.195090 -0.815493 -0.558179 0.195066 -0.806465 0.843750 0.562500
0.000000 1.000000 0.000000 -0.000000 1.000000 -0.000000 0.851562 1.000000
-0.054455 0.995185 -0.081498 -0.058686 0.994172 -0.090427 0.843750 0.968750
-0.212607 -0.923880 -0.318189 -0.204794 -0.927591 -0.312465 0.843750 0.125000
-0.552895 0.098017 -0.827466 -0.552960 0.098016 -0.827422 0.843750 0.531250
-0.108386 0.980785 -0.162212 -0.113064 0.979391 -0.167360 0.843750 0.937500
-0.161274 -0.956940 -0.241363 -0.161909 -0.956941 -0.240934 0.843750 0.093750
-0.555570 0.000000 -0.831469 -0.541880 0.000000 -0.840456 0.843750 0.500000
-0.161274 0.956940 -0.241363 -0.163730 0.954038 -0.251005 0.843750 0.906250
-0.108386 -0.980785 -0.162212 -0.111042 -0.980780 -0.160438 0.843750 0.062500
-0.552895 -0.098017 -0.827466 -0.552960 -0.098016 -0.827422 0.843750 0.468750
-0.435513 -0.382683 -0.814789 -0.445413 -0.373574 -0.813664 0.828125 0.375000
-0.299051 0.773010 -0.559485 -0.308196 0.772968 -0.554559 0.828125 0.781250
-0.415735 -0.471397 -0.777785 -0.411963 -0.465187 -0.783510 0.828125 0.343750
-0.333328 0.707107 -0.623612 -0.323092 0.707061 -0.629028 0.828125 0.750000
-0.391952 -0.555570 -0.733291 -0.403924 -0.555522 -0.726801 0.828125 0.312500
-0.364395 0.634393 -0.681734 -0.363945 0.634396 -0.681972 0.828125 0.718750
-0.364395 -0.634393 -0.681734 -0.363945 -0.634396 -0.681972 0.828125 0.281250
-0.391952 0.555570 -0.733291 -0.403924 0.555522 -0.726801 0.828125 0.687500
-0.333328 -0.707107 -0.623612 -0.323092 -0.707061 -0.629028 0.828125 0.250000
-0.415735 0.471397 -0.777785 -0.402958 0.471347 -0.784511 0.828125 0.656250
-0.299051 -0.773010 -0.559485 -0.300644 -0.777434 -0.552458 0.828125 0.218750
-0.435513 0.382683 -0.814789 -0.448806 0.382641 -0.807564 0.828125 0.625000
-0.261894 -0.831470 -0.489970 -0.262485 -0.836879 -0.480349 0.828125 0.187500
-0.451098 0.290285 -0.843946 -0.437225 0.290251 -0.851228 0.828125 0.593750
-0.222215 -0.881921 -0.415735 -0.215399 -0.881897 -0.419358 0.828125 0.156250
-0.462339 0.195090 -0.864975 -0.476440 0.195066 -0.857295 0.828125 0.562500
0.000000 1.000000 0.000000 -0.000000 1.000000 -0.000000 0.835938 1.000000
-0.046205 0.995185 -0.086443 -0.049541 0.994172 -0.095743 0.828125 0.968750
-0.180396 -0.923880 -0.337496 -0.181051 -0.923881 -0.337142 0.828125 0.125000
-0.469127 0.098017 -0.877674 -0.469193 0.098015 -0.877640 0.828125 0.531250
-0.091965 0.980785 -0.172054 -0.088693 0.982653 -0.162869 0.828125 0.937500
-0.136839 -0.956940 -0.256008 -0.137516 -0.956941 -0.255642 0.828125 0.093750
-0.471396 0.000000 -0.881921 -0.456891 -0.000000 -0.889522 0.828125 0.500000
-0.136839 0.956940 -0.256008 -0.129432 0.961566 -0.242154 0.828125 0.906250
-0.091965 -0.980785 -0.172054 -0.094782 -0.980780 -0.170549 0.828125 0.062500
-0.469127 -0.098017 -0.877674 -0.469193 -0.098015 -0.877640 0.828125 0.468750
-0.180396 0.923880 -0.337496 -0.174683 0.926540 -0.333181 0.828125 0.875000
-0.046205 -0.995185 -0.086443 -0.049541 -0.994172 -0.095743 0.828125 0.031250
-0.462339 -0.195090 -0.864975 -0.476440 -0.195066 -0.857295 0.828125 0.437500
-0.222215 0.881921 -0.415735 -0.221589 0.881923 -0.416065 0.828125 0.843750
0.000000 -1.000000 0.000000 -0.000000 -1.000000 -0.000000 0.835938 0.000000
-0.451098 -0.290285 -0.843946 -0.437225 -0.290251 -0.851228 0.828125 0.406250
-0.261894 0.831470 -0.489970 -0.261303 0.831471 -0.490283 0.828125 0.812500
-0.318190 -0.555570 -0.768178 -0.330736 -0.555523 -0.762894 0.812500 0.312500
-0.295818 0.634393 -0.714168 -0.295344 0.634397 -0.714361 0.812500 0.718750
-0.295818 -0.634393 -0.714168 -0.295344 -0.634397 -0.714361 0.812500 0.281250
-0.318190 0.555570 -0.768178 -0.330736 0.555523 -0.762894 0.812500 0.687500
-0.270598 -0.707107 -0.653281 -0.259882 -0.707060 -0.657668 0.812500 0.250000
-0.337496 0.471397 -0.814789 -0.324120 0.471346 -0.820231 0.812500 0.656250
-0.242772 -0.773010 -0.586103 -0.243345 -0.773010 -0.585866 0.812500 0.218750
-0.353553 0.382683 -0.853553 -0.367488 0.382643 -0.847666 0.812500 0.625000
-0.212608 -0.831470 -0.513280 -0.214232 -0.835343 -0.506268 0.812500 0.187500
-0.366205 0.290285 -0.884098 -0.351686 0.290252 -0.889984 0.812500 0.593750
-0.180396 -0.881921 -0.435514 -0.173181 -0.886503 -0.429093 0.812500 0.156250
-0.375330 0.195090 -0.906127 -0.390120 0.195061 -0.899865 0.812500 0.562500
0.000000 1.000000 0.000000 -0.000000 1.000000 -0.000000 0.820312 1.000000
-0.037509 0.995185 -0.090556 -0.039916 0.994173 -0.100139 0.812500 0.968750
-0.146446 -0.923880 -0.353553 -0.147132 -0.923881 -0.353266 0.812500 0.125000
-0.380840 0.098017 -0.919430 -0.380914 0.098017 -0.919400 0.812500 0.531250
-0.074658 0.980785 -0.180240 -0.078245 0.979391 -0.186201 0.812500 0.937500
-0.111087 -0.956940 -0.268188 -0.111797 -0.956941 -0.267889 0.812500 0.093750
-0.382683 0.000000 -0.923879 -0.367507 0.000000 -0.930021 0.812500 0.500000
-0.111087 0.956940 -0.268188 -0.117067 0.952061 -0.282623 0.812500 0.906250
-0.074658 -0.980785 -0.180240 -0.077612 -0.980780 -0.179017 0.812500 0.062500
-0.380840 -0.098017 -0.919430 -0.380914 -0.098017 -0.919400 0.812500 0.468750
-0.146446 0.923880 -0.353553 -0.146025 0.920068 -0.363528 0.812500 0.875000
-0.037509 -0.995185 -0.090556 -0.039916 -0.994173 -0.100139 0.812500 0.031250
-0.375330 -0.195090 -0.906127 -0.390120 -0.195061 -0.899865 0.812500 0.437500
-0.180396 0.881921 -0.435514 -0.179737 0.881923 -0.435782 0.812500 0.843750
0.000000 -1.000000 0.000000 -0.000000 -1.000000 -0.000000 0.820312 0.000000
-0.366205 -0.290285 -0.884098 -0.351686 -0.290252 -0.889984 0.812500 0.406250
-0.212608 0.831470 -0.513280 -0.214139 0.836879 -0.503764 0.812500 0.812500
-0.353553 -0.382683 -0.853553 -0.358620 -0.389151 -0.848500 0.812500 0.375000
-0.242772 0.773010 -0.586103 -0.245045 0.777434 -0.579267 0.812500 0.781250
-0.337496 -0.471397 -0.814789 -0.327900 -0.480021 -0.813672 0.812500 0.343750
-0.270598 0.707107 -0.653281 -0.259882 0.707060 -0.657668 0.812500 0.750000
-0.224393 -0.634393 -0.739724 -0.223906 -0.634395 -0.739871 0.796875 0.281250
-0.205262 -0.707107 -0.676659 -0.194173 -0.707061 -0.679972 0.796875 0.250000
-0.241363 0.555570 -0.795667 -0.254366 0.555524 -0.791638 0.796875 0.687500
-0.256008 0.471397 -0.843946 -0.242162 0.471347 -0.848050 0.796875 0.656250
-0.184155 -0.773010 -0.607076 -0.192669 -0.766724 -0.612383 0.796875 0.218750
-0.268188 0.382683 -0.884097 -0.282633 0.382643 -0.879604 0.796875 0.625000
-0.161274 -0.831470 -0.531648 -0.165207 -0.822261 -0.544604 0.796875 0.187500
-0.277785 0.290285 -0.915735 -0.262757 0.290254 -0.920169 0.796875 0.593750
-0.136839 -0.881921 -0.451098 -0.135756 -0.878589 -0.457877 0.796875 0.156250
-0.284707 0.195090 -0.938553 -0.300041 0.195062 -0.933770 0.796875 0.562500
0.000000 1.000000 0.000000 -0.000000 1.000000 -0.000000 0.804688 1.000000
-0.028453 0.995185 -0.093796 -0.029910 0.994172 -0.103568 0.796875 0.968750
-0.111087 -0.923880 -0.366205 -0.111798 -0.923880 -0.365987 0.796875 0.125000
-0.288887 0.098017 -0.952332 -0.288965 0.098015 -0.952309 0.796875 0.531250
-0.056632 0.980785 -0.186690 -0.055877 0.980785 -0.186920 0.796875 0.937500
-0.084265 -0.956940 -0.277785 -0.085002 -0.956941 -0.277557 0.796875 0.093750
-0.290284 0.000000 -0.956940 -0.274578 -0.000000 -0.961565 0.796875 0.500000
-0.084265 0.956940 -0.277785 -0.083529 0.956941 -0.278004 0.796875 0.906250
-0.056632 -0.980785 -0.186690 -0.056268 -0.982128 -0.179604 0.796875 0.062500
-0.288887 -0.098017 -0.952332 -0.288965 -0.098015 -0.952309 0.796875 0.468750
-0.111087 0.923880 -0.366205 -0.110377 0.923880 -0.366419 0.796875 0.875000
-0.028453 -0.995185 -0.093796 -0.028455 -0.995185 -0.093796 0.796875 0.031250
-0.284707 -0.195090 -0.938553 -0.300041 -0.195062 -0.933770 0.796875 0.437500
-0.136839 0.881921 -0.451098 -0.136160 0.881923 -0.451300 0.796875 0.843750
0.000000 -1.000000 0.000000 -0.000000 -1.000000 -0.000000 0.804688 0.000000
-0.277785 -0.290285 -0.915735 -0.262757 -0.290254 -0.920169 0.796875 0.406250
-0.161274 0.831470 -0.531648 -0.166420 0.827545 -0.536165 0.796875 0.812500
-0.268188 -0.382683 -0.884097 -0.278117 -0.373576 -0.884925 0.796875 0.375000
-0.184155 0.773010 -0.607076 -0.192669 0.766724 -0.612383 0.796875 0.781250
-0.256008 -0.471397 -0.843946 -0.251189 -0.465186 -0.848826 0.796875 0.343750
-0.205262 0.707107 -0.676659 -0.194173 0.707061 -0.679972 0.796875 0.750000
-0.241363 -0.555570 -0.795667 -0.254366 -0.555524 -0.791638 0.796875 0.312500
-0.224393 0.634393 -0.739724 -0.223906 0.634395 -0.739871 0.796875 0.718750
-0.123764 -0.773010 -0.622204 -0.127329 -0.777434 -0.615941 0.781250 0.218750
-0.108386 -0.831470 -0.544896 -0.111748 -0.836880 -0.535858 0.781250 0.187500
-0.180240 0.382683 -0.906127 -0.195054 0.382643 -0.903071 0.781250 0.625000
-0.186690 0.290285 -0.938553 -0.171295 0.290254 -0.941494 0.781250 0.593750
-0.091965 -0.881921 -0.462339 -0.088692 -0.877239 -0.471790 0.781250 0.156250
-0.191342 0.195090 -0.961940 -0.207065 0.195063 -0.958684 0.781250 0.562500
0.000000 1.000000 0.000000 -0.000000 1.000000 -0.000000 0.789062 1.000000
-0.019122 0.995185 -0.096134 -0.019614 0.994172 -0.106002 0.781250 0.968750
-0.074658 -0.923880 -0.375330 -0.073598 -0.921169 -0.382140 0.781250 0.125000
-0.194151 0.098017 -0.976062 -0.194226 0.098015 -0.976048 0.781250 0.531250
-0.038060 0.980785 -0.191342 -0.037288 0.980785 -0.191497 0.781250 0.937500
-0.056632 -0.956940 -0.284707 -0.057386 -0.956941 -0.284552 0.781250 0.093750
-0.195090 0.000000 -0.980785 -0.179004 -0.000000 -0.983848 0.781250 0.500000
-0.056632 0.956940 -0.284707 -0.057139 0.959744 -0.275001 0.781250 0.906250
-0.038060 -0.980785 -0.191342 -0.038833 -0.980785 -0.191190 0.781250 0.062500
-0.194151 -0.098017 -0.976062 -0.194226 -0.098015 -0.976048 0.781250 0.468750
-0.074658 0.923880 -0.375330 -0.070443 0.926540 -0.369543 0.781250 0.875000
-0.019122 -0.995185 -0.096134 -0.022446 -0.994173 -0.105438 0.781250 0.031250
-0.191342 -0.195090 -0.961940 -0.207065 -0.195063 -0.958684 0.781250 0.437500
-0.091965 0.881921 -0.462339 -0.091272 0.881923 -0.462473 0.781250 0.843750
0.000000 -1.000000 0.000000 -0.000000 -1.000000 -0.000000 0.789062 0.000000
-0.186690 -0.290285 -0.938553 -0.171295 -0.290254 -0.941494 0.781250 0.406250
-0.108386 0.831470 -0.544896 -0.111748 0.836880 -0.535858 0.781250 0.812500
-0.180240 -0.382683 -0.906127 -0.186194 -0.389152 -0.902160 0.781250 0.375000
-0.123764 0.773010 -0.622204 -0.127329 0.777434 -0.615941 0.781250 0.781250
-0.172054 -0.471397 -0.864975 -0.162860 -0.480022 -0.862007 0.781250 0.343750
-0.137950 0.707107 -0.693520 -0.126583 0.707061 -0.695731 0.781250 0.750000
-0.162212 -0.555570 -0.815493 -0.175550 -0.555522 -0.812759 0.781250 0.312500
-0.150807 0.634393 -0.758157 -0.150310 0.634394 -0.758256 0.781250 0.718750
-0.150807 -0.634393 -0.758157 -0.150310 -0.634394 -0.758256 0.781250 0.281250
-0.162212 0.555570 -0.815493 -0.175550 0.555522 -0.812759 0.781250 0.687500
-0.137950 -0.707107 -0.693520 -0.126583 -0.707061 -0.695731 0.781250 0.250000
-0.172054 0.471397 -0.864975 -0.157871 0.471347 -0.867703 0.781250 0.656250
0.000000 1.000000 0.000000 -0.000000 1.000000 -0.000000 0.773438 1.000000
-0.009607 0.995185 -0.097545 -0.009606 0.995185 -0.097546 0.765625 0.968750
-0.046205 -0.881921 -0.469127 -0.041999 -0.885204 -0.463303 0.765625 0.156250
-0.037509 -0.923880 -0.380840 -0.037508 -0.923881 -0.380838 0.765625 0.125000
-0.096134 0.195090 -0.976062 -0.112100 0.195064 -0.974363 0.765625 0.562500
-0.097545 0.098017 -0.990392 -0.097626 0.098018 -0.990385 0.765625 0.531250
-0.019122 0.980785 -0.194151 -0.017543 0.983848 -0.178146 0.765625 0.937500
-0.028453 -0.956940 -0.288887 -0.029985 -0.952061 -0.304437 0.765625 0.093750
-0.098017 0.000000 -0.995184 -0.081714 0.000000 -0.996656 0.765625 0.500000
-0.028453 0.956940 -0.288887 -0.028452 0.956942 -0.288883 0.765625 0.906250
-0.019122 -0.980785 -0.194151 -0.018769 -0.979391 -0.201098 0.765625 0.062500
-0.097545 -0.098017 -0.990392 -0.097626 -0.098018 -0.990385 0.765625 0.468750
-0.037509 0.923880 -0.380840 -0.037508 0.923881 -0.380838 0.765625 0.875000
-0.009607 -0.995185 -0.097545 -0.012000 -0.994172 -0.107131 0.765625 0.031250
-0.096134 -0.195090 -0.976062 -0.112100 -0.195064 -0.974363 0.765625 0.437500
-0.046205 0.881921 -0.469127 -0.044784 0.889523 -0.454691 0.765625 0.843750
0.000000 -1.000000 0.000000 -0.000000 -1.000000 -0.000000 0.773438 0.000000
-0.093796 -0.290285 -0.952332 -0.078193 -0.290251 -0.953751 0.765625 0.406250
-0.054455 0.831470 -0.552896 -0.054455 0.831470 -0.552895 0.765625 0.812500
-0.090556 -0.382683 -0.919430 -0.090864 -0.382687 -0.919399 0.765625 0.375000
-0.062181 0.773010 -0.631338 -0.069492 0.766724 -0.638205 0.765625 0.781250
-0.086443 -0.471397 -0.877674 -0.086820 -0.471395 -0.877638 0.765625 0.343750
-0.069308 0.707107 -0.703702 -0.057778 0.707062 -0.704787 0.765625 0.750000
-0.081499 -0.555570 -0.827466 -0.095041 -0.555521 -0.826053 0.765625 0.312500
-0.075768 0.634393 -0.769288 -0.075260 0.634395 -0.769337 0.765625 0.718750
-0.075768 -0.634393 -0.769288 -0.075260 -0.634395 -0.769337 0.765625 0.281250
-0.081499 0.555570 -0.827466 -0.095041 0.555521 -0.826053 0.765625 0.687500
-0.069308 -0.707107 -0.703702 -0.057778 -0.707062 -0.704787 0.765625 0.250000
-0.086443 0.471397 -0.877674 -0.077587 0.480020 -0.873820 0.765625 0.656250
-0.062181 -0.773010 -0.631338 -0.062797 -0.773010 -0.631279 0.765625 0.218750
-0.090556 0.382683 -0.919430 -0.096874 0.389152 -0.916065 0.765625 0.625000
-0.054455 -0.831470 -0.552896 -0.063505 -0.831436 -0.551980 0.765625 0.187500
-0.093796 0.290285 -0.952332 -0.078193 0.290251 -0.953751 0.765625 0.593750
0.000000 -1.000000 0.000000 -0.000000 -1.000000 -0.000000 0.757812 0.000000
0.000000 1.000000 0.000000 -0.000000 1.000000 -0.000000 0.757812 1.000000
